MSC1891002761,2018-07-27,Case Was Received,April 24 2018,I-130,None
MSC1891002762,2018-07-27,Case Was Received,April 24 2018,I-765,No Change
MSC1891002763,2018-07-27,Case Was Received,April 24 2018,I-131,No Change
MSC1891002764,2018-07-27,Response To USCIS\' Request For Evidence Was Received,July 18 2018,I-485,No Change
MSC1891002765,2018-07-27,Case Was Received,April 24 2018,I-130,No Change
MSC1891002766,2018-07-27,Document Was Mailed To Me,May 17 2018,,No Change
MSC1891002767,2018-07-27,Case Was Received,April 24 2018,I-765,No Change
MSC1891002768,2018-07-27,Request for Initial Evidence Was Mailed,June 23 2018,I-485,No Change
MSC1891002769,2018-07-27,Case Was Received,April 24 2018,I-130,No Change
MSC1891002770,2018-07-27,Case Was Received,April 24 2018,I-765,No Change
MSC1891002771,2018-07-27,Case Was Received,April 24 2018,I-131,No Change
MSC1891002772,2018-07-27,Fingerprint Fee Was Received,April 27 2018,I-485,No Change
MSC1891002773,2018-07-27,Case Was Received,April 24 2018,I-130,No Change
MSC1891002774,2018-07-27,Case Was Received,April 24 2018,I-765,No Change
MSC1891002775,2018-07-27,Fingerprint Fee Was Received,April 27 2018,I-485,No Change
MSC1891002776,2018-07-27,Case Was Received,April 24 2018,I-130,No Change
MSC1891002777,2018-07-27,Case Was Received,April 24 2018,I-765,No Change
MSC1891002778,2018-07-27,Case is Ready to Be Scheduled for An Interview,July 9 2018,I-485,No Change
MSC1891002779,2018-07-27,Case Was Received,April 24 2018,I-130,No Change
MSC1891002780,2018-07-27,Case Was Received,April 24 2018,I-131,No Change
MSC1891002781,2018-07-27,Case Was Received,April 24 2018,I-765,No Change
MSC1891002782,2018-07-27,Case is Ready to Be Scheduled for An Interview,July 3 2018,I-485,No Change
MSC1891002783,2018-07-27,Case Was Received,April 24 2018,I-130,No Change
MSC1891002784,2018-07-27,Case Was Received,April 24 2018,I-765,No Change
MSC1891002785,2018-07-27,Case Was Received,April 18 2018,I-485,No Change
MSC1891002786,2018-07-27,Case is Ready to Be Scheduled for An Interview,June 20 2018,I-485,No Change
MSC1891002787,2018-07-27,Case Was Received,April 24 2018,I-130,No Change
MSC1891002788,2018-07-27,Case Was Received,April 24 2018,I-131,No Change
MSC1891002789,2018-07-27,Case Was Received,April 24 2018,I-765,No Change
MSC1891002790,2018-07-27,Request for Initial Evidence Was Mailed,June 18 2018,I-485,No Change
MSC1891002791,2018-07-27,Case Was Received,April 24 2018,I-130,No Change
MSC1891002792,2018-07-27,Case Was Received,April 24 2018,I-131,No Change
MSC1891002793,2018-07-27,Case Was Received,April 24 2018,I-765,No Change
MSC1891002794,2018-07-27,Response To USCIS\' Request For Evidence Was Received,July 25 2018,I-485,No Change
MSC1891002795,2018-07-27,Case Was Received,April 24 2018,I-130,No Change
MSC1891002796,2018-07-27,Case Was Received,April 24 2018,I-765,No Change
MSC1891002797,2018-07-27,Request for Initial Evidence Was Mailed,June 23 2018,I-485,No Change
MSC1891002798,2018-07-27,Case Was Received,April 24 2018,I-130,No Change
MSC1891002799,2018-07-27,Case is Ready to Be Scheduled for An Interview,July 2 2018,I-485,No Change
MSC1891002800,2018-07-27,Case Was Received,April 24 2018,I-130,No Change
MSC1891002801,2018-07-27,Fingerprint Review Was Completed,July 20 2018,I-765,No Change
MSC1891002802,2018-07-27,Case Was Received,April 24 2018,I-131,No Change
MSC1891002803,2018-07-27,Fingerprint Fee Was Received,April 27 2018,I-485,No Change
MSC1891002804,2018-07-27,Case Was Received,April 24 2018,I-130,No Change
MSC1891002805,2018-07-27,Case Was Received,April 24 2018,I-131,No Change
MSC1891002806,2018-07-27,Fingerprint Review Was Completed,July 20 2018,I-765,No Change
MSC1891002807,2018-07-27,Case is Ready to Be Scheduled for An Interview,July 9 2018,I-485,No Change
MSC1891002808,2018-07-27,Case Was Received,April 24 2018,I-130,No Change
MSC1891002809,2018-07-27,Case Was Received,April 24 2018,I-131,No Change
MSC1891002810,2018-07-27,Fingerprint Review Was Completed,July 20 2018,I-765,No Change
MSC1891002811,2018-07-27,Case is Ready to Be Scheduled for An Interview,July 9 2018,I-485,No Change
MSC1891002812,2018-07-27,Case Was Received,April 24 2018,I-130,No Change
MSC1891002813,2018-07-27,Case Was Received,April 24 2018,I-765,No Change
MSC1891002814,2018-07-27,,,,No Change
MSC1891002815,2018-07-27,Fingerprint Fee Was Received,April 27 2018,I-485,No Change
MSC1891002816,2018-07-27,Case Was Approved,July 19 2018,I-130,No Change
MSC1891002817,2018-07-27,Case Was Received,April 24 2018,I-765,No Change
MSC1891002818,2018-07-27,Fingerprint Fee Was Received,April 27 2018,I-485,No Change
MSC1891002819,2018-07-27,Case Was Received,April 24 2018,I-130,No Change
MSC1891002820,2018-07-27,Case Was Received,April 24 2018,I-765,No Change
MSC1891002821,2018-07-27,Fingerprint Review Was Completed,July 20 2018,I-485,No Change
MSC1891002822,2018-07-27,Fingerprint Review Was Completed,July 20 2018,I-765,No Change
MSC1891002823,2018-07-27,Case is Ready to Be Scheduled for An Interview,June 28 2018,I-485,No Change
MSC1891002824,2018-07-27,Case Was Received,April 23 2018,I-130,No Change
MSC1891002825,2018-07-27,Case Was Received,April 23 2018,I-765,No Change
MSC1891002826,2018-07-27,Case Was Received,April 23 2018,I-131,No Change
MSC1891002827,2018-07-27,Case is Ready to Be Scheduled for An Interview,July 18 2018,I-485,No Change
MSC1891002828,2018-07-27,Case Was Received,April 24 2018,I-130,No Change
MSC1891002829,2018-07-27,Case Was Received,April 24 2018,I-131,No Change
MSC1891002830,2018-07-27,Case Was Received,April 24 2018,I-765,No Change
MSC1891002831,2018-07-27,Request for Initial Evidence Was Mailed,June 22 2018,I-485,No Change
MSC1891002832,2018-07-27,Case Was Received,April 24 2018,I-130,No Change
MSC1891002833,2018-07-27,Fingerprint Review Was Completed,July 20 2018,I-765,No Change
MSC1891002834,2018-07-27,Case Was Received,April 24 2018,I-131,No Change
MSC1891002835,2018-07-27,Fingerprint Fee Was Received,April 27 2018,I-485,No Change
MSC1891002836,2018-07-27,Case Was Received,April 24 2018,I-130,No Change
MSC1891002837,2018-07-27,Case Was Received,April 24 2018,I-765,No Change
MSC1891002838,2018-07-27,Case Was Received,April 24 2018,I-131,No Change
MSC1891002839,2018-07-27,Fingerprint Fee Was Received,April 27 2018,I-485,No Change
MSC1891002840,2018-07-27,Case Was Received,April 24 2018,I-130,No Change
MSC1891002841,2018-07-27,Case Was Received,April 24 2018,I-131,No Change
MSC1891002842,2018-07-27,Fingerprint Review Was Completed,July 20 2018,I-765,No Change
MSC1891002843,2018-07-27,Response To USCIS\' Request For Evidence Was Received,July 16 2018,I-485,No Change
MSC1891002844,2018-07-27,Case Was Received,April 24 2018,I-130,No Change
MSC1891002845,2018-07-27,Case Was Received,April 24 2018,I-765,No Change
MSC1891002846,2018-07-27,Case Was Received,April 24 2018,I-131,No Change
MSC1891002847,2018-07-27,Fingerprint Fee Was Received,April 27 2018,I-485,No Change
MSC1891002848,2018-07-27,Case Was Received,April 16 2018,I-131,No Change
MSC1891002849,2018-07-27,Case Was Received,April 16 2018,I-765,No Change
MSC1891002850,2018-07-27,Fingerprint Fee Was Received,April 27 2018,I-485,No Change
MSC1891002851,2018-07-27,Case Was Received,April 16 2018,I-765,No Change
MSC1891002852,2018-07-27,Case Was Received,April 16 2018,I-131,No Change
MSC1891002853,2018-07-27,Fingerprint Fee Was Received,April 27 2018,I-485,No Change
MSC1891002854,2018-07-27,Case Was Received,April 16 2018,I-131,No Change
MSC1891002855,2018-07-27,Fingerprint Review Was Completed,July 20 2018,I-765,No Change
MSC1891002856,2018-07-27,Fingerprint Fee Was Received,April 27 2018,I-485,No Change
MSC1891002857,2018-07-27,Case Was Received,April 16 2018,I-131,No Change
MSC1891002858,2018-07-27,Fingerprint Review Was Completed,July 20 2018,I-765,No Change
MSC1891002859,2018-07-27,Fingerprint Fee Was Received,April 27 2018,I-485,No Change
MSC1891002860,2018-07-27,Case Was Approved,,I-131,No Change
MSC1891002861,2018-07-27,Card Was Delivered To Me By The Post Office,,,No Change
MSC1891002862,2018-07-27,Fingerprint Fee Was Received,April 27 2018,I-485,No Change
MSC1891002863,2018-07-27,Case Was Approved,,I-131,No Change
MSC1891002864,2018-07-27,Card Was Delivered To Me By The Post Office,,,No Change
MSC1891002865,2018-07-27,Fingerprint Fee Was Received,April 27 2018,I-485,No Change
MSC1891002866,2018-07-27,Fingerprint Review Was Completed,July 20 2018,I-765,No Change
MSC1891002867,2018-07-27,Case Was Received,April 16 2018,I-131,No Change
MSC1891002868,2018-07-27,Fingerprint Fee Was Received,April 27 2018,I-485,No Change
MSC1891002869,2018-07-27,Case Was Received,April 16 2018,I-131,No Change
MSC1891002870,2018-07-27,Fingerprint Review Was Completed,July 20 2018,I-765,No Change
MSC1891002871,2018-07-27,Fingerprint Fee Was Received,April 27 2018,I-485,No Change
MSC1891002872,2018-07-27,Case Was Received,April 24 2018,I-130,No Change
MSC1891002873,2018-07-27,Case Was Received,April 24 2018,I-131,No Change
MSC1891002874,2018-07-27,Fingerprint Review Was Completed,July 20 2018,I-765,No Change
MSC1891002875,2018-07-27,Case is Ready to Be Scheduled for An Interview,July 9 2018,I-485,No Change
MSC1891002876,2018-07-27,Case Was Received,April 24 2018,I-130,No Change
MSC1891002877,2018-07-27,Case Was Received,April 24 2018,I-131,No Change
MSC1891002878,2018-07-27,Case Was Received,April 24 2018,I-765,No Change
MSC1891002879,2018-07-27,Case is Ready to Be Scheduled for An Interview,June 28 2018,I-485,No Change
MSC1891002880,2018-07-27,Case Was Received,April 24 2018,I-130,No Change
MSC1891002881,2018-07-27,Case Was Received,April 24 2018,I-131,No Change
MSC1891002882,2018-07-27,Case is Ready to Be Scheduled for An Interview,June 28 2018,I-485,No Change
MSC1891002883,2018-07-27,Case Was Received,April 24 2018,I-130,No Change
MSC1891002884,2018-07-27,Fingerprint Review Was Completed,July 20 2018,I-765,No Change
MSC1891002885,2018-07-27,Case Was Received,April 24 2018,I-131,No Change
MSC1891002886,2018-07-27,Fingerprint Fee Was Received,April 27 2018,I-485,No Change
MSC1891002887,2018-07-27,Case Was Received,April 24 2018,I-130,No Change
MSC1891002888,2018-07-27,Case Was Received,April 24 2018,I-131,No Change
MSC1891002889,2018-07-27,Fingerprint Review Was Completed,July 20 2018,I-765,No Change
MSC1891002890,2018-07-27,Request for Initial Evidence Was Mailed,June 23 2018,I-485,No Change
MSC1891002891,2018-07-27,Case Was Received,April 24 2018,I-130,No Change
MSC1891002892,2018-07-27,Fingerprint Review Was Completed,July 20 2018,I-765,No Change
MSC1891002893,2018-07-27,Fingerprint Review Was Completed,July 6 2018,I-485,No Change
MSC1891002894,2018-07-27,Case Was Received,April 24 2018,I-130,No Change
MSC1891002895,2018-07-27,Fingerprint Review Was Completed,June 24 2018,I-765,No Change
MSC1891002896,2018-07-27,Fingerprint Review Was Completed,July 6 2018,I-485,No Change
MSC1891002897,2018-07-27,Case Was Received,April 24 2018,I-130,No Change
MSC1891002898,2018-07-27,Fingerprint Review Was Completed,June 24 2018,I-765,No Change
MSC1891002899,2018-07-27,Case Was Received,April 24 2018,I-131,No Change
MSC1891002900,2018-07-27,Fingerprint Fee Was Received,April 27 2018,I-485,No Change
MSC1891002901,2018-07-27,Case Was Received,April 24 2018,I-131,No Change
MSC1891002902,2018-07-27,Case Was Received,April 24 2018,I-765,No Change
MSC1891002903,2018-07-27,Case is Ready to Be Scheduled for An Interview,July 9 2018,I-485,No Change
MSC1891002904,2018-07-27,Case Was Received,April 24 2018,I-130,No Change
MSC1891002905,2018-07-27,Case Was Received,April 24 2018,I-765,No Change
MSC1891002906,2018-07-27,Case is Ready to Be Scheduled for An Interview,July 9 2018,I-485,No Change
MSC1891002907,2018-07-27,Case Was Received,April 24 2018,I-130,No Change
MSC1891002908,2018-07-27,Case Was Received,April 24 2018,I-765,No Change
MSC1891002909,2018-07-27,Request for Initial Evidence Was Mailed,June 23 2018,I-485,No Change
MSC1891002910,2018-07-27,Case Was Received,April 24 2018,I-130,No Change
MSC1891002911,2018-07-27,Case Was Received,April 24 2018,I-765,No Change
MSC1891002912,2018-07-27,Case Rejected Because The Version Of The Form I Sent Is No Longer Accepted,April 27 2018,I-485,No Change
MSC1891002913,2018-07-27,Case Was Rejected Because It Was Improperly Filed,April 27 2018,I-130,No Change
MSC1891002914,2018-07-27,Case Was Rejected Because It Was Improperly Filed,April 27 2018,I-765,No Change
MSC1891002915,2018-07-27,Case Rejected Because The Version Of The Form I Sent Is No Longer Accepted,April 27 2018,I-485,No Change
MSC1891002916,2018-07-27,Case Was Rejected Because It Was Improperly Filed,April 27 2018,I-130,No Change
MSC1891002917,2018-07-27,Case Was Rejected Because It Was Improperly Filed,April 27 2018,I-765,No Change
MSC1891002918,2018-07-27,Case Rejected Because The Version Of The Form I Sent Is No Longer Accepted,April 27 2018,I-485,No Change
MSC1891002919,2018-07-27,Case Rejected Because The Version Of The Form I Sent Is No Longer Accepted,April 27 2018,I-485,No Change
MSC1891002920,2018-07-27,Case Was Rejected Because It Was Improperly Filed,April 27 2018,I-130,No Change
MSC1891002921,2018-07-27,Case Was Rejected Because It Was Improperly Filed,April 27 2018,I-765,No Change
MSC1891002922,2018-07-27,Case Rejected Because The Version Of The Form I Sent Is No Longer Accepted,April 27 2018,I-765,No Change
MSC1891002923,2018-07-27,Case Rejected Because The Version Of The Form I Sent Is No Longer Accepted,April 27 2018,I-485,No Change
MSC1891002924,2018-07-27,Case Rejected Because The Version Of The Form I Sent Is No Longer Accepted,April 27 2018,I-485,No Change
MSC1891002925,2018-07-27,Case Rejected Because The Version Of The Form I Sent Is No Longer Accepted,April 27 2018,I-485,No Change
MSC1891002926,2018-07-27,Case Rejected Because The Version Of The Form I Sent Is No Longer Accepted,April 27 2018,I-485,No Change
MSC1891002927,2018-07-27,Case Rejected Because The Version Of The Form I Sent Is No Longer Accepted,April 27 2018,I-485,No Change
MSC1891002928,2018-07-27,Case Was Rejected Because It Was Improperly Filed,April 27 2018,I-130,No Change
MSC1891002929,2018-07-27,Case Rejected Because The Version Of The Form I Sent Is No Longer Accepted,April 27 2018,I-485,No Change
MSC1891002930,2018-07-27,Case Was Rejected Because It Was Improperly Filed,April 27 2018,I-130,No Change
MSC1891002931,2018-07-27,Case Rejected Because The Version Of The Form I Sent Is No Longer Accepted,April 27 2018,I-485,No Change
MSC1891002932,2018-07-27,Case Was Rejected Because It Was Improperly Filed,April 27 2018,I-131,No Change
MSC1891002933,2018-07-27,Case Was Rejected Because It Was Improperly Filed,April 27 2018,I-765,No Change
MSC1891002934,2018-07-27,Case Rejected Because The Version Of The Form I Sent Is No Longer Accepted,April 27 2018,I-485,No Change
MSC1891002935,2018-07-27,Case Was Rejected Because It Was Improperly Filed,April 27 2018,I-130,No Change
MSC1891002936,2018-07-27,,,,No Change
MSC1891002937,2018-07-27,Case Was Rejected Because It Was Improperly Filed,April 27 2018,I-765,No Change
MSC1891002938,2018-07-27,Fingerprint Review Was Completed,June 25 2018,I-765,No Change
MSC1891002939,2018-07-27,Case Was Received,April 13 2018,I-765,No Change
MSC1891002940,2018-07-27,Fingerprint Fee Was Received,April 27 2018,I-485,No Change
MSC1891002941,2018-07-27,Case Was Received,April 16 2018,I-131,No Change
MSC1891002942,2018-07-27,Case Was Received,April 16 2018,I-765,No Change
MSC1891002943,2018-07-27,Fingerprint Fee Was Received,April 27 2018,I-485,No Change
MSC1891002944,2018-07-27,Case Was Received,April 16 2018,I-131,No Change
MSC1891002945,2018-07-27,Fingerprint Review Was Completed,July 20 2018,I-765,No Change
MSC1891002946,2018-07-27,Case Was Received,April 16 2018,I-485,No Change
MSC1891002947,2018-07-27,Case Was Received,April 16 2018,I-131,No Change
MSC1891002948,2018-07-27,Fingerprint Fee Was Received,April 27 2018,I-485,No Change
MSC1891002949,2018-07-27,Case Was Received,April 16 2018,I-765,No Change
MSC1891002950,2018-07-27,Case Was Received,April 16 2018,I-131,No Change
MSC1891002951,2018-07-27,Fingerprint Fee Was Received,April 27 2018,I-485,No Change
MSC1891002952,2018-07-27,Case Was Received,April 16 2018,I-765,No Change
MSC1891002953,2018-07-27,Case Was Received,April 16 2018,I-131,No Change
MSC1891002954,2018-07-27,Fingerprint Fee Was Received,April 27 2018,I-485,No Change
MSC1891002955,2018-07-27,Case Was Received,April 16 2018,I-765,No Change
MSC1891002956,2018-07-27,Case Was Received,April 16 2018,I-131,No Change
MSC1891002957,2018-07-27,Fees Were Waived,April 17 2018,I-765,No Change
MSC1891002958,2018-07-27,Fingerprint Review Was Completed,June 23 2018,I-485,No Change
MSC1891002959,2018-07-27,Fingerprint Review Was Completed,June 23 2018,I-765,No Change
MSC1891002960,2018-07-27,Case Was Received,April 25 2018,I-360,No Change
MSC1891002961,2018-07-27,Case Was Updated To Show All Fingerprints Were Taken And Case Is In Process,May 3 2018,I-765,No Change
MSC1891002962,2018-07-27,Fingerprint Review Was Completed,May 3 2018,I-765,No Change
MSC1891002963,2018-07-27,Fingerprint Review Was Completed,May 3 2018,I-765,No Change
MSC1891002964,2018-07-27,Case Was Received,April 25 2018,I-765,No Change
MSC1891002965,2018-07-27,Case Was Received,April 25 2018,I-765,No Change
MSC1891002966,2018-07-27,Case Was Updated To Show All Fingerprints Were Taken And Case Is In Process,May 3 2018,I-765,No Change
MSC1891002967,2018-07-27,Case Was Updated To Show All Fingerprints Were Taken And Case Is In Process,June 24 2018,I-765,No Change
MSC1891002968,2018-07-27,Fingerprint Review Was Completed,May 3 2018,I-765,No Change
MSC1891002969,2018-07-27,Case Was Received,April 25 2018,I-131,No Change
MSC1891002970,2018-07-27,Fingerprint Review Was Completed,May 3 2018,I-765,No Change
MSC1891002971,2018-07-27,Fingerprint Fee Was Received,April 27 2018,I-485,No Change
MSC1891002972,2018-07-27,Case Was Approved,June 26 2018,I-131,No Change
MSC1891002973,2018-07-27,Card Was Mailed To Me,June 29 2018,I-765,No Change
MSC1891002974,2018-07-27,Case Was Received,April 10 2018,I-485,No Change
MSC1891002975,2018-07-27,Case Was Approved,June 26 2018,I-131,No Change
MSC1891002976,2018-07-27,Interview Was Scheduled,July 17 2018,I-485,No Change
MSC1891002977,2018-07-27,Card Was Mailed To Me,June 25 2018,I-765,No Change
MSC1891002978,2018-07-27,Case Was Received,April 16 2018,I-131,No Change
MSC1891002979,2018-07-27,Interview Was Scheduled,July 17 2018,I-485,No Change
MSC1891002980,2018-07-27,Case Was Received,April 16 2018,I-131,No Change
MSC1891002981,2018-07-27,Card Was Mailed To Me,June 25 2018,I-765,No Change
MSC1891002982,2018-07-27,Interview Was Scheduled,July 17 2018,I-485,No Change
MSC1891002983,2018-07-27,Case Was Received,April 16 2018,I-131,No Change
MSC1891002984,2018-07-27,Card Was Mailed To Me,June 25 2018,I-765,No Change
MSC1891002985,2018-07-27,Interview Was Scheduled,July 17 2018,I-485,No Change
MSC1891002986,2018-07-27,Case Was Received,April 16 2018,I-131,No Change
MSC1891002987,2018-07-27,Card Was Mailed To Me,June 25 2018,I-765,No Change
MSC1891002988,2018-07-27,Fingerprint Fee Was Received,April 27 2018,I-485,No Change
MSC1891002989,2018-07-27,Case Was Received,April 16 2018,I-131,No Change
MSC1891002990,2018-07-27,Case Was Received,April 16 2018,I-765,No Change
MSC1891002991,2018-07-27,Fingerprint Fee Was Received,April 27 2018,I-485,No Change
MSC1891002992,2018-07-27,Case Was Received,April 16 2018,I-131,No Change
MSC1891002993,2018-07-27,Case Was Received,April 16 2018,I-765,No Change
MSC1891002994,2018-07-27,Fingerprint Fee Was Received,April 27 2018,I-485,No Change
MSC1891002995,2018-07-27,Case Was Received,April 16 2018,I-131,No Change
MSC1891002996,2018-07-27,Case Was Received,April 16 2018,I-765,No Change
MSC1891002997,2018-07-27,Fingerprint Fee Was Received,April 27 2018,I-485,No Change
MSC1891002998,2018-07-27,Case Was Received,April 16 2018,I-131,No Change
MSC1891002999,2018-07-27,Case Was Received,April 16 2018,I-765,No Change
MSC1891003000,2018-07-27,Fingerprint Fee Was Received,April 27 2018,I-485,No Change
MSC1891003001,2018-07-27,Case Was Received,April 16 2018,I-131,No Change
MSC1891003002,2018-07-27,Case Was Received,April 16 2018,I-765,No Change
MSC1891003003,2018-07-27,Fingerprint Fee Was Received,April 27 2018,I-485,No Change
MSC1891003004,2018-07-27,Case Was Received,April 16 2018,I-131,No Change
MSC1891003005,2018-07-27,Case Was Received,April 16 2018,I-765,No Change
MSC1891003006,2018-07-27,Fingerprint Fee Was Received,April 27 2018,I-485,No Change
MSC1891003007,2018-07-27,Case Was Received,April 16 2018,I-765,No Change
MSC1891003008,2018-07-27,Case Was Received,April 16 2018,I-131,No Change
MSC1891003009,2018-07-27,Fingerprint Review Was Completed,May 3 2018,I-765,No Change
MSC1891003010,2018-07-27,Case Was Received,April 16 2018,I-765,No Change
MSC1891003011,2018-07-27,Fingerprint Fee Was Received,April 27 2018,I-485,No Change
MSC1891003012,2018-07-27,Case Was Received,April 16 2018,I-131,No Change
MSC1891003013,2018-07-27,Case Was Received,April 16 2018,I-765,No Change
MSC1891003014,2018-07-27,Case Was Received,April 16 2018,I-485,No Change
MSC1891003015,2018-07-27,Case Was Received,April 16 2018,I-131,No Change
MSC1891003016,2018-07-27,Case Was Received,April 16 2018,I-765,No Change
MSC1891003017,2018-07-27,Fingerprint Fee Was Received,April 27 2018,I-485,No Change
MSC1891003018,2018-07-27,Case Was Received,April 16 2018,I-131,No Change
MSC1891003019,2018-07-27,Case Was Received,April 16 2018,I-765,No Change
MSC1891003020,2018-07-27,Fingerprint Fee Was Received,April 27 2018,I-485,No Change
MSC1891003021,2018-07-27,Fingerprint Review Was Completed,July 20 2018,I-765,No Change
MSC1891003022,2018-07-27,Request for Initial Evidence Was Mailed,June 23 2018,I-485,No Change
MSC1891003023,2018-07-27,Case Was Received,April 24 2018,I-130,No Change
MSC1891003024,2018-07-27,Case Was Received,April 24 2018,I-131,No Change
MSC1891003025,2018-07-27,Case Was Received,April 24 2018,I-765,No Change
MSC1891003026,2018-07-27,Fingerprint Fee Was Received,April 27 2018,I-485,No Change
MSC1891003027,2018-07-27,Case Was Received,April 24 2018,I-131,No Change
MSC1891003028,2018-07-27,Case Was Received,April 24 2018,I-765,No Change
MSC1891003029,2018-07-27,Fingerprint Fee Was Received,April 27 2018,I-485,No Change
MSC1891003030,2018-07-27,Case Was Received,April 24 2018,I-130,No Change
MSC1891003031,2018-07-27,Card Was Delivered To Me By The Post Office,July 14 2018,,No Change
MSC1891003032,2018-07-27,Appeal Was Dismissed,,,No Change
MSC1891003033,2018-07-27,Case is Ready to Be Scheduled for An Interview,July 2 2018,I-485,No Change
MSC1891003034,2018-07-27,Case Was Received,April 24 2018,I-130,No Change
MSC1891003035,2018-07-27,Case Was Received,April 24 2018,I-765,No Change
MSC1891003036,2018-07-27,Case Was Received,April 24 2018,I-131,No Change
MSC1891003037,2018-07-27,Response To USCIS\' Request For Evidence Was Received,July 19 2018,I-485,No Change
MSC1891003038,2018-07-27,Case Was Received,April 24 2018,I-130,No Change
MSC1891003039,2018-07-27,Case Was Received,April 24 2018,I-131,No Change
MSC1891003040,2018-07-27,Case Was Received,April 24 2018,I-765,No Change
MSC1891003041,2018-07-27,Request for Initial Evidence Was Mailed,June 25 2018,I-485,No Change
MSC1891003042,2018-07-27,Case Was Received,April 24 2018,I-130,No Change
MSC1891003043,2018-07-27,Case Was Received,April 24 2018,I-765,No Change
MSC1891003044,2018-07-27,Case Was Received,April 24 2018,I-131,No Change
MSC1891003045,2018-07-27,Case is Ready to Be Scheduled for An Interview,July 2 2018,I-485,No Change
MSC1891003046,2018-07-27,Case Was Received,April 24 2018,I-130,No Change
MSC1891003047,2018-07-27,Case Was Received,April 24 2018,I-765,No Change
MSC1891003048,2018-07-27,Request for Initial Evidence Was Mailed,June 26 2018,I-485,No Change
MSC1891003049,2018-07-27,Case Was Received,April 24 2018,I-130,No Change
MSC1891003050,2018-07-27,Case Was Received,April 24 2018,I-131,No Change
MSC1891003051,2018-07-27,Case Was Received,April 24 2018,I-765,No Change
MSC1891003052,2018-07-27,Notice Was Returned To USCIS Because The Post Office Could Not Deliver It,,I-485,No Change
MSC1891003053,2018-07-27,Document Was Mailed To Me,May 18 2018,,No Change
MSC1891003054,2018-07-27,Document Was Mailed To Me,May 18 2018,,No Change
MSC1891003055,2018-07-27,Document Was Mailed To Me,May 18 2018,,No Change
MSC1891003056,2018-07-27,Case is Ready to Be Scheduled for An Interview,July 2 2018,I-485,No Change
MSC1891003057,2018-07-27,Case Was Received,April 24 2018,I-130,No Change
MSC1891003058,2018-07-27,Case Was Received,April 24 2018,I-131,No Change
MSC1891003059,2018-07-27,Case Was Received,April 24 2018,I-765,No Change
MSC1891003060,2018-07-27,Case is Ready to Be Scheduled for An Interview,June 28 2018,I-485,No Change
MSC1891003061,2018-07-27,Case Was Received,April 24 2018,I-130,No Change
MSC1891003062,2018-07-27,Case Was Received,April 24 2018,I-765,No Change
MSC1891003063,2018-07-27,Case Was Received,April 24 2018,I-131,No Change
MSC1891003064,2018-07-27,Fingerprint Fee Was Received,April 27 2018,I-485,No Change
MSC1891003065,2018-07-27,Case Was Received,April 24 2018,I-765,No Change
MSC1891003066,2018-07-27,Fingerprint Fee Was Received,April 27 2018,I-485,No Change
MSC1891003067,2018-07-27,Case Was Received,April 24 2018,I-765,No Change
MSC1891003068,2018-07-27,Request for Initial Evidence Was Mailed,June 25 2018,I-485,No Change
MSC1891003069,2018-07-27,Case Was Received,April 24 2018,I-765,No Change
MSC1891003070,2018-07-27,Response To USCIS\' Request For Evidence Was Received,,I-485,No Change
MSC1891003071,2018-07-27,Case Was Received,April 24 2018,I-130,No Change
MSC1891003072,2018-07-27,Response To USCIS\' Request For Evidence Was Received,July 16 2018,I-485,No Change
MSC1891003073,2018-07-27,Case is Ready to Be Scheduled for An Interview,July 9 2018,I-485,No Change
MSC1891003074,2018-07-27,Case Was Received,April 24 2018,I-130,No Change
MSC1891003075,2018-07-27,Document Was Mailed To Me,May 17 2018,,No Change
MSC1891003076,2018-07-27,Case is Ready to Be Scheduled for An Interview,July 16 2018,I-485,No Change
MSC1891003077,2018-07-27,Case Was Received,April 24 2018,I-130,No Change
MSC1891003078,2018-07-27,Case Was Received,April 24 2018,I-765,No Change
MSC1891003079,2018-07-27,Fingerprint Fee Was Received,April 27 2018,I-485,No Change
MSC1891003080,2018-07-27,Case Was Received,April 24 2018,I-765,No Change
MSC1891003081,2018-07-27,Fingerprint Fee Was Received,April 27 2018,I-485,No Change
MSC1891003082,2018-07-27,Case Was Received,April 24 2018,I-765,No Change
MSC1891003083,2018-07-27,Case Was Received,April 24 2018,I-131,No Change
MSC1891003084,2018-07-27,Case is Ready to Be Scheduled for An Interview,July 9 2018,I-485,No Change
MSC1891003085,2018-07-27,Case Was Received,April 24 2018,I-130,No Change
MSC1891003086,2018-07-27,Case Was Received,April 24 2018,I-131,No Change
MSC1891003087,2018-07-27,Case Was Received,April 24 2018,I-765,No Change
MSC1891003088,2018-07-27,Fingerprint Fee Was Received,April 27 2018,I-485,No Change
MSC1891003089,2018-07-27,Case Was Received,April 24 2018,I-130,No Change
MSC1891003090,2018-07-27,Case Was Received,April 24 2018,I-765,No Change
MSC1891003091,2018-07-27,Case is Ready to Be Scheduled for An Interview,July 6 2018,I-485,No Change
MSC1891003092,2018-07-27,Case Was Received,April 24 2018,I-130,No Change
MSC1891003093,2018-07-27,Case Was Received,April 24 2018,I-765,No Change
MSC1891003094,2018-07-27,Case is Ready to Be Scheduled for An Interview,July 6 2018,I-485,No Change
MSC1891003095,2018-07-27,Case Was Received,April 24 2018,I-130,No Change
MSC1891003096,2018-07-27,Case Was Received,April 24 2018,I-765,No Change
MSC1891003097,2018-07-27,Case Was Received,April 13 2018,I-765,No Change
MSC1891003098,2018-07-27,Case Was Received,April 13 2018,I-131,No Change
MSC1891003099,2018-07-27,Case Was Received,April 13 2018,I-131,No Change
MSC1891003100,2018-07-27,Case Was Received,April 13 2018,I-765,No Change
MSC1891003101,2018-07-27,Case Was Received,April 13 2018,I-131,No Change
MSC1891003102,2018-07-27,Case Was Received,April 13 2018,I-131,No Change
MSC1891003103,2018-07-27,Fingerprint Review Was Completed,May 3 2018,I-765,No Change
MSC1891003104,2018-07-27,Fingerprint Review Was Completed,May 3 2018,I-765,No Change
MSC1891003105,2018-07-27,Case Was Updated To Show All Fingerprints Were Taken And Case Is In Process,May 3 2018,I-765,No Change
MSC1891003106,2018-07-27,Fingerprint Review Was Completed,May 3 2018,I-765,No Change
MSC1891003107,2018-07-27,Case Was Received,April 25 2018,I-131,No Change
MSC1891003108,2018-07-27,Case Was Received,April 25 2018,I-131,No Change
MSC1891003109,2018-07-27,Fingerprint Review Was Completed,May 2 2018,I-765,No Change
MSC1891003110,2018-07-27,Case Was Updated To Show All Fingerprints Were Taken And Case Is In Process,May 3 2018,I-765,No Change
MSC1891003111,2018-07-27,Case Was Received,April 25 2018,I-765,No Change
MSC1891003112,2018-07-27,Case Was Received,April 25 2018,I-765,No Change
MSC1891003113,2018-07-27,Case Was Received,April 25 2018,I-765,No Change
MSC1891003114,2018-07-27,Case Was Received,April 25 2018,I-131,No Change
MSC1891003115,2018-07-27,Case Was Updated To Show All Fingerprints Were Taken And Case Is In Process,May 3 2018,I-765,No Change
MSC1891003116,2018-07-27,Case Was Updated To Show All Fingerprints Were Taken And Case Is In Process,May 3 2018,I-765,No Change
MSC1891003117,2018-07-27,Case Was Updated To Show All Fingerprints Were Taken And Case Is In Process,May 3 2018,I-765,No Change
MSC1891003118,2018-07-27,Fingerprint Review Was Completed,May 3 2018,I-765,No Change
MSC1891003119,2018-07-27,Case Was Received,April 25 2018,I-765,No Change
MSC1891003120,2018-07-27,Fingerprint Review Was Completed,July 7 2018,I-765,No Change
MSC1891003121,2018-07-27,Case Was Received,April 25 2018,I-131,No Change
MSC1891003122,2018-07-27,Case Was Updated To Show All Fingerprints Were Taken And Case Is In Process,May 3 2018,I-765,No Change
MSC1891003123,2018-07-27,Case Was Updated To Show All Fingerprints Were Taken And Case Is In Process,May 3 2018,I-765,No Change
MSC1891003124,2018-07-27,Fingerprint Review Was Completed,May 3 2018,I-765,No Change
MSC1891003125,2018-07-27,Fingerprint Review Was Completed,July 20 2018,I-765,No Change
MSC1891003126,2018-07-27,Case Was Updated To Show All Fingerprints Were Taken And Case Is In Process,May 3 2018,I-765,No Change
MSC1891003127,2018-07-27,Name Was Updated,May 16 2018,I-765,No Change
MSC1891003128,2018-07-27,Case Was Updated To Show All Fingerprints Were Taken And Case Is In Process,July 20 2018,I-765,No Change
MSC1891003129,2018-07-27,Decision Notice Mailed,June 21 2018,,No Change
MSC1891003130,2018-07-27,Fingerprint Review Was Completed,May 3 2018,I-765,No Change
MSC1891003131,2018-07-27,Fingerprint Review Was Completed,May 3 2018,I-765,No Change
MSC1891003132,2018-07-27,Fingerprint Review Was Completed,May 3 2018,I-765,No Change
MSC1891003133,2018-07-27,Case Was Updated To Show All Fingerprints Were Taken And Case Is In Process,May 3 2018,I-765,No Change
MSC1891003134,2018-07-27,Case Closed Benefit Received By Other Means,July 10 2018,I-765,No Change
MSC1891003135,2018-07-27,Case Was Received,April 17 2018,I-765,No Change
MSC1891003136,2018-07-27,Fingerprint Review Was Completed,May 2 2018,I-765,No Change
MSC1891003137,2018-07-27,Case is Ready to Be Scheduled for An Interview,July 18 2018,I-485,No Change
MSC1891003138,2018-07-27,Fingerprint Review Was Completed,July 20 2018,I-765,No Change
MSC1891003139,2018-07-27,Response To USCIS\' Request For Evidence Was Received,July 27 2018,I-485,No Change
MSC1891003140,2018-07-27,Response To USCIS\' Request For Evidence Was Received,July 23 2018,I-485,No Change
MSC1891003141,2018-07-27,Case Was Received,April 24 2018,I-130,No Change
MSC1891003142,2018-07-27,Case Was Received,April 24 2018,I-131,No Change
MSC1891003143,2018-07-27,Case Was Received,April 24 2018,I-765,No Change
MSC1891003144,2018-07-27,Fingerprint Fee Was Received,April 27 2018,I-485,No Change
MSC1891003145,2018-07-27,Case Was Received,April 24 2018,I-131,No Change
MSC1891003146,2018-07-27,Fingerprint Review Was Completed,July 20 2018,I-765,No Change
MSC1891003147,2018-07-27,Case Rejected Because I Sent An Incorrect Fee,April 27 2018,I-765,No Change
MSC1891003148,2018-07-27,Case Was Received,April 25 2018,I-765,No Change
MSC1891003149,2018-07-27,Case Was Received,April 25 2018,I-131,No Change
MSC1891003150,2018-07-27,Case Was Received,April 25 2018,I-360,No Change
MSC1891003151,2018-07-27,Name Was Updated,June 25 2018,,No Change
MSC1891003152,2018-07-27,Case Was Transferred And A New Office Has Jurisdiction,,,No Change
MSC1891003153,2018-07-27,Case Was Received,April 25 2018,I-765,No Change
MSC1891003154,2018-07-27,Case Was Received,April 25 2018,I-131,No Change
MSC1891003155,2018-07-27,Fingerprint Review Was Completed,May 3 2018,I-765,No Change
MSC1891003156,2018-07-27,Case Was Updated To Show All Fingerprints Were Taken And Case Is In Process,May 3 2018,I-765,No Change
MSC1891003157,2018-07-27,Case Was Updated To Show All Fingerprints Were Taken And Case Is In Process,May 3 2018,I-765,No Change
MSC1891003158,2018-07-27,Fingerprint Review Was Completed,May 3 2018,I-765,No Change
MSC1891003159,2018-07-27,Fingerprint Review Was Completed,May 3 2018,I-765,No Change
MSC1891003160,2018-07-27,Case Was Updated To Show All Fingerprints Were Taken And Case Is In Process,May 3 2018,I-765,No Change
MSC1891003161,2018-07-27,Case Was Received,April 25 2018,I-765,No Change
MSC1891003162,2018-07-27,Case Was Received,April 25 2018,I-131,No Change
MSC1891003163,2018-07-27,Case Was Received,April 25 2018,,No Change
MSC1891003164,2018-07-27,Case Was Received,April 25 2018,I-765,No Change
MSC1891003165,2018-07-27,Case Was Updated To Show All Fingerprints Were Taken And Case Is In Process,May 3 2018,I-765,No Change
MSC1891003166,2018-07-27,Case Was Received,April 25 2018,I-131,No Change
MSC1891003167,2018-07-27,Fingerprint Review Was Completed,May 3 2018,I-765,No Change
MSC1891003168,2018-07-27,Case Was Received,April 25 2018,I-765,No Change
MSC1891003169,2018-07-27,Case Was Updated To Show All Fingerprints Were Taken And Case Is In Process,May 3 2018,I-765,No Change
MSC1891003170,2018-07-27,Case Was Received,April 25 2018,I-765,No Change
MSC1891003171,2018-07-27,Case Was Received,April 25 2018,I-130,No Change
MSC1891003172,2018-07-27,Fingerprint Review Was Completed,May 3 2018,I-765,No Change
MSC1891003173,2018-07-27,Case Was Received,April 25 2018,I-765,No Change
MSC1891003174,2018-07-27,Fingerprint Review Was Completed,May 3 2018,I-765,No Change
MSC1891003175,2018-07-27,Case Was Received,April 25 2018,I-765,No Change
MSC1891003176,2018-07-27,Case Was Updated To Show All Fingerprints Were Taken And Case Is In Process,May 3 2018,I-765,No Change
MSC1891003177,2018-07-27,Fingerprint Fee Was Received,April 27 2018,I-485,No Change
MSC1891003178,2018-07-27,Case Was Received,April 16 2018,I-765,No Change
MSC1891003179,2018-07-27,Case is Ready to Be Scheduled for An Interview,July 16 2018,I-485,No Change
MSC1891003180,2018-07-27,Case Was Received,April 23 2018,I-130,No Change
MSC1891003181,2018-07-27,Fingerprint Fee Was Received,April 27 2018,I-485,No Change
MSC1891003182,2018-07-27,Case Was Received,April 24 2018,I-131,No Change
MSC1891003183,2018-07-27,Case Was Received,April 24 2018,I-765,No Change
MSC1891003184,2018-07-27,Case is Ready to Be Scheduled for An Interview,July 2 2018,I-485,No Change
MSC1891003185,2018-07-27,Case Was Received,April 24 2018,I-130,No Change
MSC1891003186,2018-07-27,Case is Ready to Be Scheduled for An Interview,July 23 2018,I-485,No Change
MSC1891003187,2018-07-27,Case Was Received,April 24 2018,I-130,No Change
MSC1891003188,2018-07-27,Case Was Received,April 24 2018,I-131,No Change
MSC1891003189,2018-07-27,Fingerprint Review Was Completed,July 20 2018,I-765,No Change
MSC1891003190,2018-07-27,Case is Ready to Be Scheduled for An Interview,July 2 2018,I-485,No Change
MSC1891003191,2018-07-27,Case Was Received,April 24 2018,I-130,No Change
MSC1891003192,2018-07-27,Case Was Received,April 24 2018,I-765,No Change
MSC1891003193,2018-07-27,Case Was Received,April 24 2018,I-131,No Change
MSC1891003194,2018-07-27,Fingerprint Review Was Completed,May 3 2018,I-765,No Change
MSC1891003195,2018-07-27,Fingerprint Fee Was Received,April 27 2018,I-485,No Change
MSC1891003196,2018-07-27,Case Was Received,April 24 2018,I-130,No Change
MSC1891003197,2018-07-27,Case Was Received,April 24 2018,I-131,No Change
MSC1891003198,2018-07-27,Case Was Updated To Show All Fingerprints Were Taken And Case Is In Process,July 20 2018,I-765,No Change
MSC1891003199,2018-07-27,Request for Initial Evidence Was Mailed,June 23 2018,I-485,No Change
MSC1891003200,2018-07-27,Case Was Received,April 24 2018,I-130,No Change
MSC1891003201,2018-07-27,Case Was Received,April 24 2018,I-765,No Change
MSC1891003202,2018-07-27,Card Was Delivered To Me By The Post Office,June 11 2018,,No Change
MSC1891003203,2018-07-27,Case Was Received,April 24 2018,I-131,No Change
MSC1891003204,2018-07-27,Request for Initial Evidence Was Mailed,June 23 2018,I-485,No Change
MSC1891003205,2018-07-27,Case Was Received,April 24 2018,I-130,No Change
MSC1891003206,2018-07-27,Case Was Received,April 24 2018,I-131,No Change
MSC1891003207,2018-07-27,Case Was Received,April 24 2018,I-765,No Change
MSC1891003208,2018-07-27,Case Was Received At My Local Office,,I-765,No Change
MSC1891003209,2018-07-27,Case Was Received,April 25 2018,I-131,No Change
MSC1891003210,2018-07-27,Fingerprint Review Was Completed,May 3 2018,I-765,No Change
MSC1891003211,2018-07-27,Case Was Received,April 25 2018,I-131,No Change
MSC1891003212,2018-07-27,Case Was Updated To Show All Fingerprints Were Taken And Case Is In Process,May 3 2018,I-765,No Change
MSC1891003213,2018-07-27,Case Was Received,April 25 2018,I-765,No Change
MSC1891003214,2018-07-27,Case Was Received,April 25 2018,I-765,No Change
MSC1891003215,2018-07-27,Case Was Received,April 25 2018,I-765,No Change
MSC1891003216,2018-07-27,Fingerprint Review Was Completed,July 20 2018,I-765,No Change
MSC1891003217,2018-07-27,Case Was Received,April 25 2018,I-765,No Change
MSC1891003218,2018-07-27,Date of Birth Was Updated,May 17 2018,I-765,No Change
MSC1891003219,2018-07-27,Case Was Received,April 25 2018,,No Change
MSC1891003220,2018-07-27,Case Was Received,April 25 2018,I-765,No Change
MSC1891003221,2018-07-27,Case Was Updated To Show All Fingerprints Were Taken And Case Is In Process,May 3 2018,I-765,No Change
MSC1891003222,2018-07-27,Case Was Updated To Show All Fingerprints Were Taken And Case Is In Process,May 3 2018,I-765,No Change
MSC1891003223,2018-07-27,Case Was Updated To Show All Fingerprints Were Taken And Case Is In Process,May 3 2018,I-765,No Change
MSC1891003224,2018-07-27,Request for Initial Evidence Was Mailed,July 26 2018,I-765,No Change
MSC1891003225,2018-07-27,Case Was Received,April 25 2018,I-765,No Change
MSC1891003226,2018-07-27,Case Was Received,April 25 2018,I-765,No Change
MSC1891003227,2018-07-27,Case Was Received,April 25 2018,I-765,No Change
MSC1891003228,2018-07-27,Case Was Received,April 25 2018,I-765,No Change
MSC1891003229,2018-07-27,Case Was Received,April 25 2018,I-765,No Change
MSC1891003230,2018-07-27,Fingerprint Review Was Completed,May 3 2018,I-765,No Change
MSC1891003231,2018-07-27,Case Was Received,April 25 2018,,No Change
MSC1891003232,2018-07-27,Case Was Received,April 25 2018,I-765,No Change
MSC1891003233,2018-07-27,Case Was Received,April 18 2018,I-765,No Change
MSC1891003234,2018-07-27,Case is Ready to Be Scheduled for An Interview,June 26 2018,I-485,No Change
MSC1891003235,2018-07-27,Case Was Received,April 24 2018,I-130,No Change
MSC1891003236,2018-07-27,Case Was Received,April 24 2018,I-131,No Change
MSC1891003237,2018-07-27,Fingerprint Review Was Completed,July 20 2018,I-765,No Change
MSC1891003238,2018-07-27,Case is Ready to Be Scheduled for An Interview,July 2 2018,I-485,No Change
MSC1891003239,2018-07-27,Case Was Received,April 24 2018,I-130,No Change
MSC1891003240,2018-07-27,Case Was Received,April 24 2018,I-765,No Change
MSC1891003241,2018-07-27,Case Was Received,April 24 2018,I-131,No Change
MSC1891003242,2018-07-27,Case is Ready to Be Scheduled for An Interview,July 17 2018,I-485,No Change
MSC1891003243,2018-07-27,Case Was Received,April 24 2018,I-130,No Change
MSC1891003244,2018-07-27,Form G-28 Was Rejected Because It Was Improperly Filed,April 27 2018,G-28,No Change
MSC1891003245,2018-07-27,Fingerprint Fee Was Received,April 27 2018,I-485,No Change
MSC1891003246,2018-07-27,Case Was Received,April 24 2018,I-130,No Change
MSC1891003247,2018-07-27,Case Was Received,April 24 2018,I-131,No Change
MSC1891003248,2018-07-27,Case Was Received,April 24 2018,I-765,No Change
MSC1891003249,2018-07-27,Response To USCIS\' Request For Evidence Was Received,July 11 2018,I-485,No Change
MSC1891003250,2018-07-27,Fingerprint Fee Was Received,April 27 2018,I-485,No Change
MSC1891003251,2018-07-27,Case Was Received,April 24 2018,I-130,No Change
MSC1891003252,2018-07-27,Case Was Received,April 24 2018,I-765,No Change
MSC1891003253,2018-07-27,Fingerprint Fee Was Received,April 27 2018,I-485,No Change
MSC1891003254,2018-07-27,Case Was Received,April 24 2018,I-130,No Change
MSC1891003255,2018-07-27,Case Was Received,April 24 2018,I-765,No Change
MSC1891003256,2018-07-27,Case is Ready to Be Scheduled for An Interview,May 30 2018,I-485,No Change
MSC1891003257,2018-07-27,Fingerprint Review Was Completed,July 20 2018,I-765,No Change
MSC1891003258,2018-07-27,Case Was Received,April 24 2018,I-131,No Change
MSC1891003259,2018-07-27,Fingerprint Fee Was Received,April 27 2018,I-485,No Change
MSC1891003260,2018-07-27,Case Was Received,April 24 2018,I-130,No Change
