MSC1891002672,8/28/2018,Case Was Received,April 13 2018,I-485,No Change
MSC1891002673,8/28/2018,Case Was Received,April 13 2018,I-485,No Change
MSC1891002939,8/28/2018,Case Was Received,April 13 2018,I-765,No Change
MSC1891003097,8/28/2018,Case Was Received,April 13 2018,I-765,No Change
MSC1891003098,8/28/2018,Case Was Received,April 13 2018,I-131,No Change
MSC1891003099,8/28/2018,Case Was Received,April 13 2018,I-131,No Change
MSC1891003100,8/28/2018,Case Was Received,April 13 2018,I-765,No Change
MSC1891003101,8/28/2018,Case Was Received,April 13 2018,I-131,No Change
MSC1891003102,8/28/2018,Case Was Received,April 13 2018,I-131,No Change
MSC1891003293,8/28/2018,Case Was Received,April 13 2018,I-131,No Change
MSC1891002848,8/28/2018,Case Was Received,April 16 2018,I-131,No Change
MSC1891002849,8/28/2018,Case Was Received,April 16 2018,I-765,No Change
MSC1891002851,8/28/2018,Case Was Received,April 16 2018,I-765,No Change
MSC1891002852,8/28/2018,Case Was Received,April 16 2018,I-131,No Change
MSC1891002854,8/28/2018,Case Was Received,April 16 2018,I-131,No Change
MSC1891002857,8/28/2018,Case Was Received,April 16 2018,I-131,No Change
MSC1891002867,8/28/2018,Case Was Received,April 16 2018,I-131,No Change
MSC1891002869,8/28/2018,Case Was Received,April 16 2018,I-131,No Change
MSC1891002941,8/28/2018,Case Was Received,April 16 2018,I-131,No Change
MSC1891002942,8/28/2018,Case Was Received,April 16 2018,I-765,No Change
MSC1891002944,8/28/2018,Case Was Received,April 16 2018,I-131,No Change
MSC1891002946,8/28/2018,Case Was Received,April 16 2018,I-485,No Change
MSC1891002947,8/28/2018,Case Was Received,April 16 2018,I-131,No Change
MSC1891002949,8/28/2018,Case Was Received,April 16 2018,I-765,No Change
MSC1891002950,8/28/2018,Case Was Received,April 16 2018,I-131,No Change
MSC1891002952,8/28/2018,Case Was Received,April 16 2018,I-765,No Change
MSC1891002953,8/28/2018,Case Was Received,April 16 2018,I-131,No Change
MSC1891002955,8/28/2018,Case Was Received,April 16 2018,I-765,No Change
MSC1891002956,8/28/2018,Case Was Received,April 16 2018,I-131,No Change
MSC1891002978,8/28/2018,Case Was Received,April 16 2018,I-131,No Change
MSC1891002980,8/28/2018,Case Was Received,April 16 2018,I-131,No Change
MSC1891002983,8/28/2018,Case Was Received,April 16 2018,I-131,No Change
MSC1891002986,8/28/2018,Case Was Received,April 16 2018,I-131,No Change
MSC1891002989,8/28/2018,Case Was Received,April 16 2018,I-131,No Change
MSC1891002990,8/28/2018,Case Was Received,April 16 2018,I-765,No Change
MSC1891002992,8/28/2018,Case Was Received,April 16 2018,I-131,No Change
MSC1891002995,8/28/2018,Case Was Received,April 16 2018,I-131,No Change
MSC1891002998,8/28/2018,Case Was Received,April 16 2018,I-131,No Change
MSC1891003001,8/28/2018,Case Was Received,April 16 2018,I-131,No Change
MSC1891003004,8/28/2018,Case Was Received,April 16 2018,I-131,No Change
MSC1891003005,8/28/2018,Case Was Received,April 16 2018,I-765,No Change
MSC1891003007,8/28/2018,Case Was Received,April 16 2018,I-765,No Change
MSC1891003008,8/28/2018,Case Was Received,April 16 2018,I-131,No Change
MSC1891003012,8/28/2018,Case Was Received,April 16 2018,I-131,No Change
MSC1891003013,8/28/2018,Case Was Received,April 16 2018,I-765,No Change
MSC1891003014,8/28/2018,Case Was Received,April 16 2018,I-485,No Change
MSC1891003015,8/28/2018,Case Was Received,April 16 2018,I-131,No Change
MSC1891003016,8/28/2018,Case Was Received,April 16 2018,I-765,No Change
MSC1891003018,8/28/2018,Case Was Received,April 16 2018,I-131,No Change
MSC1891003019,8/28/2018,Case Was Received,April 16 2018,I-765,No Change
MSC1891003178,8/28/2018,Case Was Received,April 16 2018,I-765,No Change
MSC1891002630,8/28/2018,Case Was Received,April 17 2018,I-131,No Change
MSC1891002631,8/28/2018,Case Was Received,April 17 2018,I-765,No Change
MSC1891002957,8/28/2018,Fees Were Waived,April 17 2018,I-765,No Change
MSC1891003135,8/28/2018,Case Was Received,April 17 2018,I-765,No Change
MSC1891002785,8/28/2018,Case Was Received,April 18 2018,I-485,No Change
MSC1891003233,8/28/2018,Case Was Received,April 18 2018,I-765,No Change
MSC1891002643,8/28/2018,Case Was Received,April 19 2018,I-765,No Change
MSC1891002646,8/28/2018,Case Was Received,April 19 2018,I-765,No Change
MSC1891003296,8/28/2018,Case Was Received,April 20 2018,I-131,No Change
MSC1891002824,8/28/2018,Case Was Received,April 23 2018,I-130,No Change
MSC1891002825,8/28/2018,Case Was Received,April 23 2018,I-765,No Change
MSC1891002826,8/28/2018,Case Was Received,April 23 2018,I-131,No Change
MSC1891003180,8/28/2018,Case Was Received,April 23 2018,I-130,No Change
MSC1891002612,8/28/2018,Case Was Received,April 24 2018,I-130,No Change
MSC1891002615,8/28/2018,Case Was Received,April 24 2018,I-130,No Change
MSC1891002617,8/28/2018,Case Was Received,April 24 2018,I-131,No Change
MSC1891002619,8/28/2018,Case Was Received,April 24 2018,I-130,No Change
MSC1891002620,8/28/2018,Case Was Received,April 24 2018,I-765,No Change
MSC1891002623,8/28/2018,Case Was Received,April 24 2018,I-130,No Change
MSC1891002624,8/28/2018,Case Was Received,April 24 2018,I-765,No Change
MSC1891002625,8/28/2018,Case Was Received,April 24 2018,I-131,No Change
MSC1891002628,8/28/2018,Case Was Received,April 24 2018,I-765,No Change
MSC1891002633,8/28/2018,Case Was Received,April 24 2018,I-765,No Change
MSC1891002634,8/28/2018,Case Was Received,April 24 2018,I-131,No Change
MSC1891002648,8/28/2018,Case Was Received,April 24 2018,I-130,No Change
MSC1891002650,8/28/2018,Case Was Received,April 24 2018,I-130,No Change
MSC1891002652,8/28/2018,Case Was Received,April 24 2018,I-131,No Change
MSC1891002654,8/28/2018,Case Was Received,April 24 2018,I-130,No Change
MSC1891002655,8/28/2018,Case Was Received,April 24 2018,I-765,No Change
MSC1891002657,8/28/2018,Case Was Received,April 24 2018,I-130,No Change
MSC1891002658,8/28/2018,Case Was Received,April 24 2018,I-131,No Change
MSC1891002661,8/28/2018,Case Was Received,April 24 2018,I-130,No Change
MSC1891002663,8/28/2018,Case Was Received,April 24 2018,I-131,No Change
MSC1891002665,8/28/2018,Case Was Received,April 24 2018,I-130,No Change
MSC1891002666,8/28/2018,Case Was Received,April 24 2018,I-765,No Change
MSC1891002667,8/28/2018,Case Was Received,April 24 2018,I-131,No Change
MSC1891002676,8/28/2018,Case Was Received,April 24 2018,I-130,No Change
MSC1891002677,8/28/2018,Case Was Received,April 24 2018,I-765,No Change
MSC1891002678,8/28/2018,Case Was Received,April 24 2018,I-131,No Change
MSC1891002680,8/28/2018,Case Was Received,April 24 2018,I-130,No Change
MSC1891002681,8/28/2018,Case Was Received,April 24 2018,I-131,No Change
MSC1891002682,8/28/2018,Case Was Received,April 24 2018,I-765,No Change
MSC1891002684,8/28/2018,Case Was Received,April 24 2018,I-130,No Change
MSC1891002685,8/28/2018,Case Was Received,April 24 2018,I-131,No Change
MSC1891002688,8/28/2018,Case Was Received,April 24 2018,I-130,No Change
MSC1891002691,8/28/2018,Case Was Received,April 24 2018,I-130,No Change
MSC1891002692,8/28/2018,Case Was Received,April 24 2018,I-131,No Change
MSC1891002695,8/28/2018,Case Was Received,April 24 2018,I-131,No Change
MSC1891002698,8/28/2018,Case Was Received,April 24 2018,I-130,No Change
MSC1891002699,8/28/2018,Case Was Received,April 24 2018,I-765,No Change
MSC1891002700,8/28/2018,Case Was Received,April 24 2018,I-131,No Change
MSC1891002702,8/28/2018,Case Was Received,April 24 2018,I-130,No Change
MSC1891002703,8/28/2018,Case Was Received,April 24 2018,I-765,No Change
MSC1891002705,8/28/2018,Case Was Received,April 24 2018,I-130,No Change
MSC1891002706,8/28/2018,Case Was Received,April 24 2018,I-131,No Change
MSC1891002707,8/28/2018,Case Was Received,April 24 2018,I-765,No Change
MSC1891002709,8/28/2018,Case Was Received,April 24 2018,I-130,No Change
MSC1891002739,8/28/2018,Case Was Received,April 24 2018,I-130,No Change
MSC1891002740,8/28/2018,Case Was Received,April 24 2018,I-765,No Change
MSC1891002742,8/28/2018,Case Was Received,April 24 2018,I-130,No Change
MSC1891002745,8/28/2018,Case Was Received,April 24 2018,I-130,No Change
MSC1891002746,8/28/2018,Case Was Received,April 24 2018,I-765,No Change
MSC1891002748,8/28/2018,Case Was Received,April 24 2018,I-130,No Change
MSC1891002749,8/28/2018,Case Was Received,April 24 2018,I-765,No Change
MSC1891002750,8/28/2018,Case Was Received,April 24 2018,I-131,No Change
MSC1891002752,8/28/2018,Case Was Received,April 24 2018,I-130,No Change
MSC1891002755,8/28/2018,Case Was Received,April 24 2018,I-130,No Change
MSC1891002756,8/28/2018,Case Was Received,April 24 2018,I-765,No Change
MSC1891002758,8/28/2018,Case Was Received,April 24 2018,I-130,No Change
MSC1891002761,8/28/2018,Case Was Received,April 24 2018,I-130,No Change
MSC1891002762,8/28/2018,Case Was Received,April 24 2018,I-765,No Change
MSC1891002763,8/28/2018,Case Was Received,April 24 2018,I-131,No Change
MSC1891002765,8/28/2018,Case Was Received,April 24 2018,I-130,No Change
MSC1891002767,8/28/2018,Case Was Received,April 24 2018,I-765,No Change
MSC1891002769,8/28/2018,Case Was Received,April 24 2018,I-130,No Change
MSC1891002770,8/28/2018,Case Was Received,April 24 2018,I-765,No Change
MSC1891002771,8/28/2018,Case Was Received,April 24 2018,I-131,No Change
MSC1891002773,8/28/2018,Case Was Received,April 24 2018,I-130,No Change
MSC1891002774,8/28/2018,Case Was Received,April 24 2018,I-765,No Change
MSC1891002776,8/28/2018,Case Was Received,April 24 2018,I-130,No Change
MSC1891002777,8/28/2018,Case Was Received,April 24 2018,I-765,No Change
MSC1891002779,8/28/2018,Case Was Received,April 24 2018,I-130,No Change
MSC1891002780,8/28/2018,Case Was Received,April 24 2018,I-131,No Change
MSC1891002783,8/28/2018,Case Was Received,April 24 2018,I-130,No Change
MSC1891002787,8/28/2018,Case Was Received,April 24 2018,I-130,No Change
MSC1891002788,8/28/2018,Case Was Received,April 24 2018,I-131,No Change
MSC1891002789,8/28/2018,Case Was Received,April 24 2018,I-765,No Change
MSC1891002795,8/28/2018,Case Was Received,April 24 2018,I-130,No Change
MSC1891002796,8/28/2018,Case Was Received,April 24 2018,I-765,No Change
MSC1891002798,8/28/2018,Case Was Received,April 24 2018,I-130,No Change
MSC1891002800,8/28/2018,Case Was Received,April 24 2018,I-130,No Change
MSC1891002802,8/28/2018,Case Was Received,April 24 2018,I-131,No Change
MSC1891002804,8/28/2018,Case Was Received,April 24 2018,I-130,No Change
MSC1891002805,8/28/2018,Case Was Received,April 24 2018,I-131,No Change
MSC1891002808,8/28/2018,Case Was Received,April 24 2018,I-130,No Change
MSC1891002809,8/28/2018,Case Was Received,April 24 2018,I-131,No Change
MSC1891002812,8/28/2018,Case Was Received,April 24 2018,I-130,No Change
MSC1891002817,8/28/2018,Case Was Received,April 24 2018,I-765,No Change
MSC1891002819,8/28/2018,Case Was Received,April 24 2018,I-130,No Change
MSC1891002820,8/28/2018,Case Was Received,April 24 2018,I-765,No Change
MSC1891002828,8/28/2018,Case Was Received,April 24 2018,I-130,No Change
MSC1891002829,8/28/2018,Case Was Received,April 24 2018,I-131,No Change
MSC1891002830,8/28/2018,Case Was Received,April 24 2018,I-765,No Change
MSC1891002832,8/28/2018,Case Was Received,April 24 2018,I-130,No Change
MSC1891002834,8/28/2018,Case Was Received,April 24 2018,I-131,No Change
MSC1891002836,8/28/2018,Case Was Received,April 24 2018,I-130,No Change
MSC1891002838,8/28/2018,Case Was Received,April 24 2018,I-131,No Change
MSC1891002840,8/28/2018,Case Was Received,April 24 2018,I-130,No Change
MSC1891002841,8/28/2018,Case Was Received,April 24 2018,I-131,No Change
MSC1891002844,8/28/2018,Case Was Received,April 24 2018,I-130,No Change
MSC1891002845,8/28/2018,Case Was Received,April 24 2018,I-765,No Change
MSC1891002846,8/28/2018,Case Was Received,April 24 2018,I-131,No Change
MSC1891002872,8/28/2018,Case Was Received,April 24 2018,I-130,No Change
MSC1891002873,8/28/2018,Case Was Received,April 24 2018,I-131,No Change
MSC1891002876,8/28/2018,Case Was Received,April 24 2018,I-130,No Change
MSC1891002877,8/28/2018,Case Was Received,April 24 2018,I-131,No Change
MSC1891002878,8/28/2018,Case Was Received,April 24 2018,I-765,No Change
MSC1891002880,8/28/2018,Case Was Received,April 24 2018,I-130,No Change
MSC1891002881,8/28/2018,Case Was Received,April 24 2018,I-131,No Change
MSC1891002883,8/28/2018,Case Was Received,April 24 2018,I-130,No Change
MSC1891002885,8/28/2018,Case Was Received,April 24 2018,I-131,No Change
MSC1891002887,8/28/2018,Case Was Received,April 24 2018,I-130,No Change
MSC1891002888,8/28/2018,Case Was Received,April 24 2018,I-131,No Change
MSC1891002891,8/28/2018,Case Was Received,April 24 2018,I-130,No Change
MSC1891002894,8/28/2018,Case Was Received,April 24 2018,I-130,No Change
MSC1891002897,8/28/2018,Case Was Received,April 24 2018,I-130,No Change
MSC1891002899,8/28/2018,Case Was Received,April 24 2018,I-131,No Change
MSC1891002901,8/28/2018,Case Was Received,April 24 2018,I-131,No Change
MSC1891002902,8/28/2018,Case Was Received,April 24 2018,I-765,No Change
MSC1891002904,8/28/2018,Case Was Received,April 24 2018,I-130,No Change
MSC1891002907,8/28/2018,Case Was Received,April 24 2018,I-130,No Change
MSC1891002910,8/28/2018,Case Was Received,April 24 2018,I-130,No Change
MSC1891003023,8/28/2018,Case Was Received,April 24 2018,I-130,No Change
MSC1891003024,8/28/2018,Case Was Received,April 24 2018,I-131,No Change
MSC1891003025,8/28/2018,Case Was Received,April 24 2018,I-765,No Change
MSC1891003027,8/28/2018,Case Was Received,April 24 2018,I-131,No Change
MSC1891003028,8/28/2018,Case Was Received,April 24 2018,I-765,No Change
MSC1891003030,8/28/2018,Case Was Received,April 24 2018,I-130,No Change
MSC1891003034,8/28/2018,Case Was Received,April 24 2018,I-130,No Change
MSC1891003035,8/28/2018,Case Was Received,April 24 2018,I-765,No Change
MSC1891003036,8/28/2018,Case Was Received,April 24 2018,I-131,No Change
MSC1891003038,8/28/2018,Case Was Received,April 24 2018,I-130,No Change
MSC1891003039,8/28/2018,Case Was Received,April 24 2018,I-131,No Change
MSC1891003040,8/28/2018,Case Was Received,April 24 2018,I-765,No Change
MSC1891003042,8/28/2018,Case Was Received,April 24 2018,I-130,No Change
MSC1891003043,8/28/2018,Case Was Received,April 24 2018,I-765,No Change
MSC1891003044,8/28/2018,Case Was Received,April 24 2018,I-131,No Change
MSC1891003046,8/28/2018,Case Was Received,April 24 2018,I-130,No Change
MSC1891003047,8/28/2018,Case Was Received,April 24 2018,I-765,No Change
MSC1891003049,8/28/2018,Case Was Received,April 24 2018,I-130,No Change
MSC1891003050,8/28/2018,Case Was Received,April 24 2018,I-131,No Change
MSC1891003057,8/28/2018,Case Was Received,April 24 2018,I-130,No Change
MSC1891003058,8/28/2018,Case Was Received,April 24 2018,I-131,No Change
MSC1891003059,8/28/2018,Case Was Received,April 24 2018,I-765,No Change
MSC1891003061,8/28/2018,Case Was Received,April 24 2018,I-130,No Change
MSC1891003063,8/28/2018,Case Was Received,April 24 2018,I-131,No Change
MSC1891003065,8/28/2018,Case Was Received,April 24 2018,I-765,No Change
MSC1891003067,8/28/2018,Case Was Received,April 24 2018,I-765,No Change
MSC1891003069,8/28/2018,Case Was Received,April 24 2018,I-765,No Change
MSC1891003071,8/28/2018,Case Was Received,April 24 2018,I-130,No Change
MSC1891003074,8/28/2018,Case Was Received,April 24 2018,I-130,No Change
MSC1891003077,8/28/2018,Case Was Received,April 24 2018,I-130,No Change
MSC1891003082,8/28/2018,Case Was Received,April 24 2018,I-765,No Change
MSC1891003083,8/28/2018,Case Was Received,April 24 2018,I-131,No Change
MSC1891003085,8/28/2018,Case Was Received,April 24 2018,I-130,No Change
MSC1891003086,8/28/2018,Case Was Received,April 24 2018,I-131,No Change
MSC1891003087,8/28/2018,Case Was Received,April 24 2018,I-765,No Change
MSC1891003089,8/28/2018,Case Was Received,April 24 2018,I-130,No Change
MSC1891003090,8/28/2018,Case Was Received,April 24 2018,I-765,No Change
MSC1891003092,8/28/2018,Case Was Received,April 24 2018,I-130,No Change
MSC1891003093,8/28/2018,Case Was Received,April 24 2018,I-765,No Change
MSC1891003095,8/28/2018,Case Was Received,April 24 2018,I-130,No Change
MSC1891003096,8/28/2018,Case Was Received,April 24 2018,I-765,No Change
MSC1891003141,8/28/2018,Case Was Received,April 24 2018,I-130,No Change
MSC1891003142,8/28/2018,Case Was Received,April 24 2018,I-131,No Change
MSC1891003145,8/28/2018,Case Was Received,April 24 2018,I-131,No Change
MSC1891003182,8/28/2018,Case Was Received,April 24 2018,I-131,No Change
MSC1891003183,8/28/2018,Case Was Received,April 24 2018,I-765,No Change
MSC1891003185,8/28/2018,Case Was Received,April 24 2018,I-130,No Change
MSC1891003187,8/28/2018,Case Was Received,April 24 2018,I-130,No Change
MSC1891003188,8/28/2018,Case Was Received,April 24 2018,I-131,No Change
MSC1891003191,8/28/2018,Case Was Received,April 24 2018,I-130,No Change
MSC1891003192,8/28/2018,Case Was Received,April 24 2018,I-765,No Change
MSC1891003193,8/28/2018,Case Was Received,April 24 2018,I-131,No Change
MSC1891003196,8/28/2018,Case Was Received,April 24 2018,I-130,No Change
MSC1891003197,8/28/2018,Case Was Received,April 24 2018,I-131,No Change
MSC1891003200,8/28/2018,Case Was Received,April 24 2018,I-130,No Change
MSC1891003201,8/28/2018,Case Was Received,April 24 2018,I-765,No Change
MSC1891003203,8/28/2018,Case Was Received,April 24 2018,I-131,No Change
MSC1891003205,8/28/2018,Case Was Received,April 24 2018,I-130,No Change
MSC1891003206,8/28/2018,Case Was Received,April 24 2018,I-131,No Change
MSC1891003207,8/28/2018,Case Was Received,April 24 2018,I-765,No Change
MSC1891003235,8/28/2018,Case Was Received,April 24 2018,I-130,No Change
MSC1891003236,8/28/2018,Case Was Received,April 24 2018,I-131,No Change
MSC1891003239,8/28/2018,Case Was Received,April 24 2018,I-130,No Change
MSC1891003243,8/28/2018,Case Was Received,April 24 2018,I-130,No Change
MSC1891003246,8/28/2018,Case Was Received,April 24 2018,I-130,No Change
MSC1891003247,8/28/2018,Case Was Received,April 24 2018,I-131,No Change
MSC1891003248,8/28/2018,Case Was Received,April 24 2018,I-765,No Change
MSC1891003251,8/28/2018,Case Was Received,April 24 2018,I-130,No Change
MSC1891003252,8/28/2018,Case Was Received,April 24 2018,I-765,No Change
MSC1891003254,8/28/2018,Case Was Received,April 24 2018,I-130,No Change
MSC1891003255,8/28/2018,Case Was Received,April 24 2018,I-765,No Change
MSC1891003258,8/28/2018,Case Was Received,April 24 2018,I-131,No Change
MSC1891003260,8/28/2018,Case Was Received,April 24 2018,I-130,No Change
MSC1891003263,8/28/2018,Case Was Received,April 24 2018,I-130,No Change
MSC1891003269,8/28/2018,Case Was Received,April 24 2018,I-130,No Change
MSC1891003270,8/28/2018,Case Was Received,April 24 2018,I-131,No Change
MSC1891003273,8/28/2018,Case Was Received,April 24 2018,I-130,No Change
MSC1891003274,8/28/2018,Case Was Received,April 24 2018,I-765,No Change
MSC1891003276,8/28/2018,Case Was Received,April 24 2018,I-130,No Change
MSC1891003278,8/28/2018,Case Was Received,April 24 2018,I-130,No Change
MSC1891003280,8/28/2018,Case Was Received,April 24 2018,I-130,No Change
MSC1891003298,8/28/2018,Case Was Received,April 24 2018,I-131,No Change
MSC1891003299,8/28/2018,Case Was Received,April 24 2018,I-765,No Change
MSC1891003301,8/28/2018,Case Was Received,April 24 2018,I-130,No Change
MSC1891003302,8/28/2018,Case Was Received,April 24 2018,I-765,No Change
MSC1891003303,8/28/2018,Case Was Received,April 24 2018,I-131,No Change
MSC1891003305,8/28/2018,Case Was Received,April 24 2018,I-130,No Change
MSC1891003307,8/28/2018,Case Was Received,April 24 2018,I-130,No Change
MSC1891003308,8/28/2018,Case Was Received,April 24 2018,I-765,No Change
MSC1891003309,8/28/2018,Case Was Received,April 24 2018,I-131,No Change
MSC1891003316,8/28/2018,Case Was Received,April 24 2018,I-130,No Change
MSC1891003325,8/28/2018,Case Was Received,April 24 2018,I-131,No Change
MSC1891003328,8/28/2018,Case Was Received,April 24 2018,I-130,No Change
MSC1891003337,8/28/2018,Case Was Received,April 24 2018,I-131,No Change
MSC1891003338,8/28/2018,Case Was Received,April 24 2018,I-765,No Change
MSC1891003345,8/28/2018,Case Was Received,April 24 2018,I-130,No Change
MSC1891003348,8/28/2018,Case Was Received,April 24 2018,I-130,No Change
MSC1891003351,8/28/2018,Case Was Received,April 24 2018,I-130,No Change
MSC1891003352,8/28/2018,Case Was Received,April 24 2018,I-131,No Change
MSC1891003353,8/28/2018,Case Was Received,April 24 2018,I-765,No Change
MSC1891003357,8/28/2018,Case Was Received,April 24 2018,I-130,No Change
MSC1891003361,8/28/2018,Case Was Received,April 24 2018,I-765,No Change
MSC1891003386,8/28/2018,Case Was Received,April 24 2018,I-130,No Change
MSC1891003387,8/28/2018,Case Was Received,April 24 2018,I-765,No Change
MSC1891003389,8/28/2018,Case Was Received,April 24 2018,I-130,No Change
MSC1891003391,8/28/2018,Case Was Received,April 24 2018,I-131,No Change
MSC1891003393,8/28/2018,Case Was Received,April 24 2018,I-130,No Change
MSC1891003396,8/28/2018,Case Was Received,April 24 2018,I-130,No Change
MSC1891003402,8/28/2018,Case Was Received,April 24 2018,I-130,No Change
MSC1891003404,8/28/2018,Case Was Received,April 24 2018,I-130,No Change
MSC1891003405,8/28/2018,Case Was Received,April 24 2018,I-765,No Change
MSC1891003406,8/28/2018,Case Was Received,April 24 2018,I-131,No Change
MSC1891002639,8/28/2018,Case Was Received,April 25 2018,I-131,No Change
MSC1891002736,8/28/2018,Case Was Received,April 25 2018,I-765,No Change
MSC1891002960,8/28/2018,Case Was Received,April 25 2018,I-360,No Change
MSC1891002964,8/28/2018,Case Was Received,April 25 2018,I-765,No Change
MSC1891002965,8/28/2018,Case Was Received,April 25 2018,I-765,No Change
MSC1891002969,8/28/2018,Case Was Received,April 25 2018,I-131,No Change
MSC1891003107,8/28/2018,Case Was Received,April 25 2018,I-131,No Change
MSC1891003108,8/28/2018,Case Was Received,April 25 2018,I-131,No Change
MSC1891003111,8/28/2018,Case Was Received,April 25 2018,I-765,No Change
MSC1891003112,8/28/2018,Case Was Received,April 25 2018,I-765,No Change
MSC1891003113,8/28/2018,Case Was Received,April 25 2018,I-765,No Change
MSC1891003114,8/28/2018,Case Was Received,April 25 2018,I-131,No Change
MSC1891003119,8/28/2018,Case Was Received,April 25 2018,I-765,No Change
MSC1891003121,8/28/2018,Case Was Received,April 25 2018,I-131,No Change
MSC1891003148,8/28/2018,Case Was Received,April 25 2018,I-765,No Change
MSC1891003149,8/28/2018,Case Was Received,April 25 2018,I-131,No Change
MSC1891003150,8/28/2018,Case Was Received,April 25 2018,I-360,No Change
MSC1891003153,8/28/2018,Case Was Received,April 25 2018,I-765,No Change
MSC1891003161,8/28/2018,Case Was Received,April 25 2018,I-765,No Change
MSC1891003162,8/28/2018,Case Was Received,April 25 2018,I-131,No Change
MSC1891003163,8/28/2018,Case Was Received,April 25 2018,,No Change
MSC1891003164,8/28/2018,Case Was Received,April 25 2018,I-765,No Change
MSC1891003166,8/28/2018,Case Was Received,April 25 2018,I-131,No Change
MSC1891003168,8/28/2018,Case Was Received,April 25 2018,I-765,No Change
MSC1891003170,8/28/2018,Case Was Received,April 25 2018,I-765,No Change
MSC1891003171,8/28/2018,Case Was Received,April 25 2018,I-130,No Change
MSC1891003173,8/28/2018,Case Was Received,April 25 2018,I-765,No Change
MSC1891003175,8/28/2018,Case Was Received,April 25 2018,I-765,No Change
MSC1891003211,8/28/2018,Case Was Received,April 25 2018,I-131,No Change
MSC1891003213,8/28/2018,Case Was Received,April 25 2018,I-765,No Change
MSC1891003214,8/28/2018,Case Was Received,April 25 2018,I-765,No Change
MSC1891003215,8/28/2018,Case Was Received,April 25 2018,I-765,No Change
MSC1891003217,8/28/2018,Case Was Received,April 25 2018,I-765,No Change
MSC1891003219,8/28/2018,Case Was Received,April 25 2018,,No Change
MSC1891003220,8/28/2018,Case Was Received,April 25 2018,I-765,No Change
MSC1891003225,8/28/2018,Case Was Received,April 25 2018,I-765,No Change
MSC1891003226,8/28/2018,Case Was Received,April 25 2018,I-765,No Change
MSC1891003227,8/28/2018,Case Was Received,April 25 2018,I-765,No Change
MSC1891003228,8/28/2018,Case Was Received,April 25 2018,I-765,No Change
MSC1891003229,8/28/2018,Case Was Received,April 25 2018,I-765,No Change
MSC1891003231,8/28/2018,Case Was Received,April 25 2018,,No Change
MSC1891003232,8/28/2018,Case Was Received,April 25 2018,I-765,No Change
MSC1891003266,8/28/2018,Case Was Received,April 25 2018,I-130,No Change
MSC1891003267,8/28/2018,Case Was Received,April 25 2018,I-131,No Change
MSC1891003283,8/28/2018,Case Was Received,April 25 2018,I-131,No Change
MSC1891003286,8/28/2018,Case Was Received,April 25 2018,I-131,No Change
MSC1891003319,8/28/2018,Case Was Received,April 25 2018,I-130,No Change
MSC1891003322,8/28/2018,Case Was Received,April 25 2018,I-765,No Change
MSC1891003329,8/28/2018,Case Was Received,April 25 2018,I-765,No Change
MSC1891003330,8/28/2018,Case Was Received,April 25 2018,I-765,No Change
MSC1891003331,8/28/2018,Case Was Received,April 25 2018,I-360,No Change
MSC1891003333,8/28/2018,Case Was Received,April 25 2018,I-130,No Change
MSC1891003334,8/28/2018,Case Was Received,April 25 2018,I-765,No Change
MSC1891003341,8/28/2018,Case Was Received,April 25 2018,I-131,No Change
MSC1891003355,8/28/2018,Case Was Received,April 25 2018,I-765,No Change
MSC1891002613,8/28/2018,Form G-28 Was Rejected Because It Was Improperly Filed,April 27 2018,G-28,No Change
MSC1891002614,8/28/2018,Fingerprint Fee Was Received,April 27 2018,I-485,No Change
MSC1891002618,8/28/2018,Fingerprint Fee Was Received,April 27 2018,I-485,No Change
MSC1891002621,8/28/2018,Fingerprint Fee Was Received,April 27 2018,I-485,No Change
MSC1891002622,8/28/2018,Fingerprint Fee Was Received,April 27 2018,I-485,No Change
MSC1891002629,8/28/2018,Fingerprint Fee Was Received,April 27 2018,I-485,No Change
MSC1891002632,8/28/2018,Fingerprint Fee Was Received,April 27 2018,I-485,No Change
MSC1891002637,8/28/2018,Fingerprint Fee Was Received,April 27 2018,I-485,No Change
MSC1891002647,8/28/2018,Fingerprint Fee Was Received,April 27 2018,I-485,No Change
MSC1891002649,8/28/2018,Fingerprint Fee Was Received,April 27 2018,I-485,No Change
MSC1891002660,8/28/2018,Fingerprint Fee Was Received,April 27 2018,I-485,No Change
MSC1891002674,8/28/2018,Fingerprint Fee Was Received,April 27 2018,I-485,No Change
MSC1891002675,8/28/2018,Fingerprint Fee Was Received,April 27 2018,I-485,No Change
MSC1891002697,8/28/2018,Fingerprint Fee Was Received,April 27 2018,I-485,No Change
MSC1891002701,8/28/2018,Fingerprint Fee Was Received,April 27 2018,I-485,No Change
MSC1891002711,8/28/2018,Case Rejected Because The Version Of The Form I Sent Is No Longer Accepted,April 27 2018,I-485,No Change
MSC1891002712,8/28/2018,Case Was Rejected Because It Was Improperly Filed,April 27 2018,I-765,No Change
MSC1891002713,8/28/2018,Case Rejected Because The Version Of The Form I Sent Is No Longer Accepted,April 27 2018,I-485,No Change
MSC1891002714,8/28/2018,Case Was Rejected Because It Was Improperly Filed,April 27 2018,I-765,No Change
MSC1891002715,8/28/2018,Case Was Rejected Because It Was Improperly Filed,April 27 2018,I-485,No Change
MSC1891002716,8/28/2018,Case Was Rejected Because It Was Improperly Filed,April 27 2018,I-130,No Change
MSC1891002717,8/28/2018,Case Rejected Because The Version Of The Form I Sent Is No Longer Accepted,April 27 2018,I-485,No Change
MSC1891002718,8/28/2018,Case Was Rejected Because It Was Improperly Filed,April 27 2018,I-130,No Change
MSC1891002719,8/28/2018,Case Rejected Because The Version Of The Form I Sent Is No Longer Accepted,April 27 2018,I-485,No Change
MSC1891002720,8/28/2018,Case Was Rejected Because It Was Improperly Filed,April 27 2018,I-130,No Change
MSC1891002721,8/28/2018,Case Was Rejected Because It Was Improperly Filed,April 27 2018,I-131,No Change
MSC1891002722,8/28/2018,Case Was Rejected Because It Was Improperly Filed,April 27 2018,I-765,No Change
MSC1891002723,8/28/2018,Case Rejected Because The Version Of The Form I Sent Is No Longer Accepted,April 27 2018,I-485,No Change
MSC1891002724,8/28/2018,Case Was Rejected Because It Was Improperly Filed,April 27 2018,I-765,No Change
MSC1891002725,8/28/2018,Case Rejected Because The Version Of The Form I Sent Is No Longer Accepted,April 27 2018,I-765,No Change
MSC1891002726,8/28/2018,Case Rejected Because The Version Of The Form I Sent Is No Longer Accepted,April 27 2018,I-765,No Change
MSC1891002727,8/28/2018,Case Rejected Because The Version Of The Form I Sent Is No Longer Accepted,April 27 2018,I-485,No Change
MSC1891002728,8/28/2018,Case Was Rejected Because It Was Improperly Filed,April 27 2018,I-130,No Change
MSC1891002729,8/28/2018,Case Was Rejected Because It Was Improperly Filed,April 27 2018,I-765,No Change
MSC1891002730,8/28/2018,Case Rejected Because The Version Of The Form I Sent Is No Longer Accepted,April 27 2018,I-485,No Change
MSC1891002731,8/28/2018,Case Was Rejected Because It Was Improperly Filed,April 27 2018,I-130,No Change
MSC1891002732,8/28/2018,Case Rejected Because The Version Of The Form I Sent Is No Longer Accepted,April 27 2018,I-485,No Change
MSC1891002733,8/28/2018,Case Was Rejected Because It Was Improperly Filed,April 27 2018,I-130,No Change
MSC1891002737,8/28/2018,Fingerprint Fee Was Received,April 27 2018,I-485,No Change
MSC1891002744,8/28/2018,Fingerprint Fee Was Received,April 27 2018,I-485,No Change
MSC1891002772,8/28/2018,Fingerprint Fee Was Received,April 27 2018,I-485,No Change
MSC1891002803,8/28/2018,Fingerprint Fee Was Received,April 27 2018,I-485,No Change
MSC1891002815,8/28/2018,Fingerprint Fee Was Received,April 27 2018,I-485,No Change
MSC1891002818,8/28/2018,Fingerprint Fee Was Received,April 27 2018,I-485,No Change
MSC1891002835,8/28/2018,Fingerprint Fee Was Received,April 27 2018,I-485,No Change
MSC1891002847,8/28/2018,Fingerprint Fee Was Received,April 27 2018,I-485,No Change
MSC1891002850,8/28/2018,Fingerprint Fee Was Received,April 27 2018,I-485,No Change
MSC1891002853,8/28/2018,Fingerprint Fee Was Received,April 27 2018,I-485,No Change
MSC1891002856,8/28/2018,Fingerprint Fee Was Received,April 27 2018,I-485,No Change
MSC1891002859,8/28/2018,Fingerprint Fee Was Received,April 27 2018,I-485,No Change
MSC1891002862,8/28/2018,Fingerprint Fee Was Received,April 27 2018,I-485,No Change
MSC1891002865,8/28/2018,Fingerprint Fee Was Received,April 27 2018,I-485,No Change
MSC1891002868,8/28/2018,Fingerprint Fee Was Received,April 27 2018,I-485,No Change
MSC1891002871,8/28/2018,Fingerprint Fee Was Received,April 27 2018,I-485,No Change
MSC1891002912,8/28/2018,Case Rejected Because The Version Of The Form I Sent Is No Longer Accepted,April 27 2018,I-485,No Change
MSC1891002913,8/28/2018,Case Was Rejected Because It Was Improperly Filed,April 27 2018,I-130,No Change
MSC1891002914,8/28/2018,Case Was Rejected Because It Was Improperly Filed,April 27 2018,I-765,No Change
MSC1891002915,8/28/2018,Case Rejected Because The Version Of The Form I Sent Is No Longer Accepted,April 27 2018,I-485,No Change
MSC1891002916,8/28/2018,Case Was Rejected Because It Was Improperly Filed,April 27 2018,I-130,No Change
MSC1891002917,8/28/2018,Case Was Rejected Because It Was Improperly Filed,April 27 2018,I-765,No Change
MSC1891002918,8/28/2018,Case Rejected Because The Version Of The Form I Sent Is No Longer Accepted,April 27 2018,I-485,No Change
MSC1891002919,8/28/2018,Case Rejected Because The Version Of The Form I Sent Is No Longer Accepted,April 27 2018,I-485,No Change
MSC1891002920,8/28/2018,Case Was Rejected Because It Was Improperly Filed,April 27 2018,I-130,No Change
MSC1891002921,8/28/2018,Case Was Rejected Because It Was Improperly Filed,April 27 2018,I-765,No Change
MSC1891002922,8/28/2018,Case Rejected Because The Version Of The Form I Sent Is No Longer Accepted,April 27 2018,I-765,No Change
MSC1891002923,8/28/2018,Case Rejected Because The Version Of The Form I Sent Is No Longer Accepted,April 27 2018,I-485,No Change
MSC1891002924,8/28/2018,Case Rejected Because The Version Of The Form I Sent Is No Longer Accepted,April 27 2018,I-485,No Change
MSC1891002925,8/28/2018,Case Rejected Because The Version Of The Form I Sent Is No Longer Accepted,April 27 2018,I-485,No Change
MSC1891002926,8/28/2018,Case Rejected Because The Version Of The Form I Sent Is No Longer Accepted,April 27 2018,I-485,No Change
MSC1891002927,8/28/2018,Case Rejected Because The Version Of The Form I Sent Is No Longer Accepted,April 27 2018,I-485,No Change
MSC1891002928,8/28/2018,Case Was Rejected Because It Was Improperly Filed,April 27 2018,I-130,No Change
MSC1891002929,8/28/2018,Case Rejected Because The Version Of The Form I Sent Is No Longer Accepted,April 27 2018,I-485,No Change
MSC1891002930,8/28/2018,Case Was Rejected Because It Was Improperly Filed,April 27 2018,I-130,No Change
MSC1891002931,8/28/2018,Case Rejected Because The Version Of The Form I Sent Is No Longer Accepted,April 27 2018,I-485,No Change
MSC1891002932,8/28/2018,Case Was Rejected Because It Was Improperly Filed,April 27 2018,I-131,No Change
MSC1891002933,8/28/2018,Case Was Rejected Because It Was Improperly Filed,April 27 2018,I-765,No Change
MSC1891002934,8/28/2018,Case Rejected Because The Version Of The Form I Sent Is No Longer Accepted,April 27 2018,I-485,No Change
MSC1891002935,8/28/2018,Case Was Rejected Because It Was Improperly Filed,April 27 2018,I-130,No Change
MSC1891002937,8/28/2018,Case Was Rejected Because It Was Improperly Filed,April 27 2018,I-765,No Change
MSC1891002940,8/28/2018,Fingerprint Fee Was Received,April 27 2018,I-485,No Change
MSC1891002943,8/28/2018,Fingerprint Fee Was Received,April 27 2018,I-485,No Change
MSC1891002948,8/28/2018,Fingerprint Fee Was Received,April 27 2018,I-485,No Change
MSC1891002951,8/28/2018,Fingerprint Fee Was Received,April 27 2018,I-485,No Change
MSC1891002954,8/28/2018,Fingerprint Fee Was Received,April 27 2018,I-485,No Change
MSC1891002988,8/28/2018,Fingerprint Fee Was Received,April 27 2018,I-485,No Change
MSC1891003003,8/28/2018,Fingerprint Fee Was Received,April 27 2018,I-485,No Change
MSC1891003006,8/28/2018,Fingerprint Fee Was Received,April 27 2018,I-485,No Change
MSC1891003011,8/28/2018,Fingerprint Fee Was Received,April 27 2018,I-485,No Change
MSC1891003017,8/28/2018,Fingerprint Fee Was Received,April 27 2018,I-485,No Change
MSC1891003020,8/28/2018,Fingerprint Fee Was Received,April 27 2018,I-485,No Change
MSC1891003026,8/28/2018,Fingerprint Fee Was Received,April 27 2018,I-485,No Change
MSC1891003064,8/28/2018,Fingerprint Fee Was Received,April 27 2018,I-485,No Change
MSC1891003066,8/28/2018,Fingerprint Fee Was Received,April 27 2018,I-485,No Change
MSC1891003079,8/28/2018,Fingerprint Fee Was Received,April 27 2018,I-485,No Change
MSC1891003081,8/28/2018,Fingerprint Fee Was Received,April 27 2018,I-485,No Change
MSC1891003088,8/28/2018,Fingerprint Fee Was Received,April 27 2018,I-485,No Change
MSC1891003147,8/28/2018,Case Rejected Because I Sent An Incorrect Fee,April 27 2018,I-765,No Change
MSC1891003177,8/28/2018,Fingerprint Fee Was Received,April 27 2018,I-485,No Change
MSC1891003181,8/28/2018,Fingerprint Fee Was Received,April 27 2018,I-485,No Change
MSC1891003195,8/28/2018,Fingerprint Fee Was Received,April 27 2018,I-485,No Change
MSC1891003244,8/28/2018,Form G-28 Was Rejected Because It Was Improperly Filed,April 27 2018,G-28,No Change
MSC1891003245,8/28/2018,Fingerprint Fee Was Received,April 27 2018,I-485,No Change
MSC1891003250,8/28/2018,Fingerprint Fee Was Received,April 27 2018,I-485,No Change
MSC1891003253,8/28/2018,Fingerprint Fee Was Received,April 27 2018,I-485,No Change
MSC1891003259,8/28/2018,Fingerprint Fee Was Received,April 27 2018,I-485,No Change
MSC1891003279,8/28/2018,Fingerprint Fee Was Received,April 27 2018,I-485,No Change
MSC1891003282,8/28/2018,Fingerprint Fee Was Received,April 27 2018,I-485,No Change
MSC1891003285,8/28/2018,Fingerprint Fee Was Received,April 27 2018,I-485,No Change
MSC1891003288,8/28/2018,Case Rejected Because The Version Of The Form I Sent Is No Longer Accepted,April 27 2018,I-485,No Change
MSC1891003289,8/28/2018,Case Was Rejected Because It Was Improperly Filed,April 27 2018,I-130,No Change
MSC1891003290,8/28/2018,Case Was Rejected Because It Was Improperly Filed,April 27 2018,I-765,No Change
MSC1891003347,8/28/2018,Fingerprint Fee Was Received,April 27 2018,I-485,No Change
MSC1891003363,8/28/2018,Case Rejected Because The Version Of The Form I Sent Is No Longer Accepted,April 27 2018,I-485,No Change
MSC1891003364,8/28/2018,Case Was Rejected Because It Was Improperly Filed,April 27 2018,I-130,No Change
MSC1891003365,8/28/2018,Case Was Rejected Because It Was Improperly Filed,April 27 2018,I-765,No Change
MSC1891003366,8/28/2018,Case Rejected Because The Version Of The Form I Sent Is No Longer Accepted,April 27 2018,I-485,No Change
MSC1891003367,8/28/2018,Case Was Rejected Because It Was Improperly Filed,April 27 2018,I-130,No Change
MSC1891003368,8/28/2018,Case Was Rejected Because It Was Improperly Filed,April 27 2018,I-765,No Change
MSC1891003369,8/28/2018,Case Rejected Because The Version Of The Form I Sent Is No Longer Accepted,April 27 2018,I-485,No Change
MSC1891003370,8/28/2018,Case Was Rejected Because It Was Improperly Filed,April 27 2018,I-130,No Change
MSC1891003371,8/28/2018,Case Was Rejected Because It Was Improperly Filed,April 27 2018,I-765,No Change
MSC1891003372,8/28/2018,Case Rejected Because The Version Of The Form I Sent Is No Longer Accepted,April 27 2018,I-485,No Change
MSC1891003373,8/28/2018,Case Was Rejected Because It Was Improperly Filed,April 27 2018,I-130,No Change
MSC1891003374,8/28/2018,Case Was Rejected Because It Was Improperly Filed,April 27 2018,I-765,No Change
MSC1891003375,8/28/2018,Case Was Rejected Because It Was Improperly Filed,April 27 2018,I-131,No Change
MSC1891003376,8/28/2018,Case Rejected Because The Version Of The Form I Sent Is No Longer Accepted,April 27 2018,I-485,No Change
MSC1891003377,8/28/2018,Case Was Rejected Because It Was Improperly Filed,April 27 2018,I-130,No Change
MSC1891003378,8/28/2018,Case Was Rejected Because It Was Improperly Filed,April 27 2018,I-765,No Change
MSC1891003379,8/28/2018,Case Was Rejected Because It Was Improperly Filed,April 27 2018,I-131,No Change
MSC1891003380,8/28/2018,Case Rejected Because The Version Of The Form I Sent Is No Longer Accepted,April 27 2018,I-485,No Change
MSC1891003381,8/28/2018,Case Was Rejected Because It Was Improperly Filed,April 27 2018,I-130,No Change
MSC1891003382,8/28/2018,Case Was Rejected Because It Was Improperly Filed,April 27 2018,I-765,No Change
MSC1891003383,8/28/2018,Case Was Rejected Because It Was Improperly Filed,April 27 2018,I-131,No Change
MSC1891003384,8/28/2018,Case Was Rejected Because It Was Improperly Filed,April 27 2018,,No Change
MSC1891003395,8/28/2018,Fingerprint Fee Was Received,April 27 2018,I-485,No Change
MSC1891003409,8/28/2018,Fingerprint Fee Was Received,April 27 2018,I-485,No Change
MSC1891003350,8/28/2018,Interview Was Scheduled,August 1 2018,I-485,No Change
MSC1891002879,8/28/2018,Interview Was Scheduled,August 10 2018,I-485,Case is Ready to Be Scheduled for An Interview
MSC1891002882,8/28/2018,Interview Was Scheduled,August 10 2018,I-485,Case is Ready to Be Scheduled for An Interview
MSC1891002999,8/28/2018,Card Was Delivered To Me By The Post Office,August 10 2018,I-765,Case Was Received
MSC1891003002,8/28/2018,Card Was Delivered To Me By The Post Office,August 10 2018,I-765,Case Was Received
MSC1891003041,8/28/2018,Case is Ready to Be Scheduled for An Interview,August 13 2018,I-485,Request for Initial Evidence Was Mailed
MSC1891003048,8/28/2018,Response To USCIS\' Request For Evidence Was Received,August 13 2018,I-485,Request for Initial Evidence Was Mailed
MSC1891003144,8/28/2018,Case is Ready to Be Scheduled for An Interview,August 13 2018,I-485,Fingerprint Fee Was Received
MSC1891003167,8/28/2018,Card Was Picked Up By The United States Postal Service,August 13 2018,,New Card Is Being Produced
MSC1891002839,8/28/2018,Case is Ready to Be Scheduled for An Interview,August 14 2018,I-485,Fingerprint Fee Was Received
MSC1891003029,8/28/2018,Interview Was Scheduled,August 15 2018,I-485,Fingerprint Fee Was Received
MSC1891003300,8/28/2018,Card Was Picked Up By The United States Postal Service,August 15 2018,I-485,Fingerprint Fee Was Received
MSC1891003318,8/28/2018,Response To USCIS\' Request For Evidence Was Received,August 15 2018,I-485,Request for Initial Evidence Was Mailed
MSC1891003010,8/28/2018,Card Was Picked Up By The United States Postal Service,August 16 2018,I-765,Case Was Received
MSC1891003154,8/28/2018,Fingerprint Review Was Completed,August 2 2018,I-131,No Change
MSC1891002866,8/28/2018,Card Was Picked Up By The United States Postal Service,August 20 2018,I-765,Fingerprint Review Was Completed
MSC1891002870,8/28/2018,Card Was Picked Up By The United States Postal Service,August 20 2018,I-765,Fingerprint Review Was Completed
MSC1891003241,8/28/2018,Notice Was Returned To USCIS Because The Post Office Could Not Deliver It,August 20 2018,I-131,Case Was Received
MSC1891002662,8/28/2018,New Card Is Being Produced,August 21 2018,I-765,Fingerprint Review Was Completed
MSC1891002781,8/28/2018,New Card Is Being Produced,August 21 2018,I-765,Case Was Received
MSC1891002791,8/28/2018,Document Was Mailed To Me,August 21 2018,I-130,Case Was Received
MSC1891002792,8/28/2018,Document Was Mailed To Me,August 21 2018,I-131,Case Was Received
MSC1891003062,8/28/2018,New Card Is Being Produced,August 21 2018,I-765,Case Was Received
MSC1891003143,8/28/2018,New Card Is Being Produced,August 21 2018,I-765,Case Was Received
MSC1891003186,8/28/2018,Interview Was Scheduled,August 21 2018,I-485,Case is Ready to Be Scheduled for An Interview
MSC1891003189,8/28/2018,New Card Is Being Produced,August 21 2018,I-765,Fingerprint Review Was Completed
MSC1891003224,8/28/2018,Decision Notice Mailed,August 21 2018,I-765,Request for Initial Evidence Was Mailed
MSC1891003240,8/28/2018,New Card Is Being Produced,August 21 2018,I-765,Case Was Received
MSC1891002659,8/28/2018,Card Was Mailed To Me,August 22 2018,I-765,Case Was Received
MSC1891002743,8/28/2018,New Card Is Being Produced,August 22 2018,I-765,Case Was Received
MSC1891002753,8/28/2018,New Card Is Being Produced,August 22 2018,I-765,Case Was Received
MSC1891002775,8/28/2018,Interview Was Scheduled,August 22 2018,I-485,Case is Ready to Be Scheduled for An Interview
MSC1891002784,8/28/2018,New Card Is Being Produced,August 22 2018,I-765,Case Was Received
MSC1891002790,8/28/2018,Document Was Mailed To Me,August 22 2018,I-485,Request for Initial Evidence Was Mailed
MSC1891002793,8/28/2018,Document Was Mailed To Me,August 22 2018,I-765,Case Was Received
MSC1891002892,8/28/2018,New Card Is Being Produced,August 22 2018,I-765,Fingerprint Review Was Completed
MSC1891002900,8/28/2018,Card Was Delivered To Me By The Post Office,August 22 2018,I-485,Fingerprint Fee Was Received
MSC1891003051,8/28/2018,Card Was Mailed To Me,August 22 2018,I-765,Case Was Received
MSC1891003198,8/28/2018,Card Was Mailed To Me,August 22 2018,I-765,Case Was Updated To Show All Fingerprints Were Taken And Case Is In Process
MSC1891003336,8/28/2018,Interview Was Scheduled,August 22 2018,I-485,Case is Ready to Be Scheduled for An Interview
MSC1891002958,8/28/2018,Interview Was Scheduled,August 23 2018,I-485,Fingerprint Review Was Completed
MSC1891003084,8/28/2018,Interview Was Scheduled,August 23 2018,I-485,Case is Ready to Be Scheduled for An Interview
MSC1891003314,8/28/2018,New Card Is Being Produced,August 23 2018,I-765,Fingerprint Review Was Completed
MSC1891002813,8/28/2018,Card Was Picked Up By The United States Postal Service,August 24 2018,I-765,Case Was Received
MSC1891002886,8/28/2018,Card Was Delivered To Me By The Post Office,August 24 2018,I-485,Fingerprint Fee Was Received
MSC1891002905,8/28/2018,New Card Is Being Produced,August 24 2018,I-765,Case Was Received
MSC1891002908,8/28/2018,New Card Is Being Produced,August 24 2018,I-765,Case Was Received
MSC1891003078,8/28/2018,New Card Is Being Produced,August 24 2018,I-765,Case Was Received
MSC1891003080,8/28/2018,New Card Is Being Produced,August 24 2018,I-765,Case Was Received
MSC1891003264,8/28/2018,New Card Is Being Produced,August 24 2018,I-765,Case Was Received
MSC1891003311,8/28/2018,New Card Is Being Produced,August 24 2018,I-765,Case Was Received
MSC1891003317,8/28/2018,New Card Is Being Produced,August 24 2018,I-765,Case Was Received
MSC1891003323,8/28/2018,Interview Cancelled And Notice Ordered,August 24 2018,I-485,Decision Notice Mailed
MSC1891003346,8/28/2018,New Card Is Being Produced,August 24 2018,I-765,Case Was Received
MSC1891003408,8/28/2018,New Card Is Being Produced,August 24 2018,I-765,Case Was Received
MSC1891002889,8/28/2018,Card Was Delivered To Me By The Post Office,August 25 2018,I-765,Fingerprint Review Was Completed
MSC1891003292,8/28/2018,Card Was Delivered To Me By The Post Office,August 25 2018,I-765,Case Was Received
MSC1891002837,8/28/2018,Card Was Delivered To Me By The Post Office,August 27 2018,I-765,Case Was Received
MSC1891002842,8/28/2018,Card Was Delivered To Me By The Post Office,August 27 2018,I-765,Fingerprint Review Was Completed
MSC1891002911,8/28/2018,New Card Is Being Produced,August 27 2018,I-765,Case Was Received
MSC1891003158,8/28/2018,New Card Is Being Produced,August 27 2018,I-765,Fingerprint Review Was Completed
MSC1891003159,8/28/2018,New Card Is Being Produced,August 27 2018,I-765,Fingerprint Review Was Completed
MSC1891003199,8/28/2018,Case is Ready to Be Scheduled for An Interview,August 27 2018,I-485,Request for Initial Evidence Was Mailed
MSC1891003204,8/28/2018,Case is Ready to Be Scheduled for An Interview,August 27 2018,I-485,Request for Initial Evidence Was Mailed
MSC1891003271,8/28/2018,Card Was Delivered To Me By The Post Office,August 27 2018,I-765,Case Was Received
MSC1891003359,8/28/2018,Card Was Delivered To Me By The Post Office,August 27 2018,I-485,Interview Was Scheduled
MSC1891002991,8/28/2018,Interview Was Scheduled,August 6 2018,I-485,Fingerprint Fee Was Received
MSC1891002993,8/28/2018,Card Was Delivered To Me By The Post Office,August 6 2018,I-765,Card Was Mailed To Me
MSC1891002994,8/28/2018,Interview Was Scheduled,August 6 2018,I-485,Fingerprint Fee Was Received
MSC1891002996,8/28/2018,Card Was Delivered To Me By The Post Office,August 6 2018,I-765,Card Was Mailed To Me
MSC1891002909,8/28/2018,Case is Ready to Be Scheduled for An Interview,August 7 2018,I-485,Request for Initial Evidence Was Mailed
MSC1891003209,8/28/2018,Fingerprint Review Was Completed,August 7 2018,I-131,Case Was Received
MSC1891002757,8/28/2018,Fingerprint Review Was Completed,August 9 2018,I-485,Fingerprint Fee Was Received
MSC1891002759,8/28/2018,Fingerprint Review Was Completed,August 9 2018,I-765,Case Was Received
MSC1891002971,8/28/2018,Interview Was Scheduled,August 9 2018,I-485,Fingerprint Fee Was Received
MSC1891002974,8/28/2018,Interview Was Scheduled,August 9 2018,I-485,Case Was Received
MSC1891002997,8/28/2018,Interview Was Scheduled,August 9 2018,I-485,Fingerprint Fee Was Received
MSC1891003000,8/28/2018,Interview Was Scheduled,August 9 2018,I-485,Fingerprint Fee Was Received
MSC1891003134,8/28/2018,Case Closed Benefit Received By Other Means,July 10 2018,I-765,No Change
MSC1891003272,8/28/2018,Interview Was Scheduled,July 10 2018,I-485,No Change
MSC1891003249,8/28/2018,Response To USCIS\' Request For Evidence Was Received,July 11 2018,I-485,No Change
MSC1891003306,8/28/2018,Response To USCIS\' Request For Evidence Was Received,July 11 2018,I-485,No Change
MSC1891003031,8/28/2018,Card Was Delivered To Me By The Post Office,July 14 2018,,No Change
MSC1891002687,8/28/2018,Case is Ready to Be Scheduled for An Interview,July 16 2018,I-485,No Change
MSC1891002843,8/28/2018,Response To USCIS\' Request For Evidence Was Received,July 16 2018,I-485,No Change
MSC1891003072,8/28/2018,Response To USCIS\' Request For Evidence Was Received,July 16 2018,I-485,No Change
MSC1891003076,8/28/2018,Case is Ready to Be Scheduled for An Interview,July 16 2018,I-485,No Change
MSC1891003179,8/28/2018,Case is Ready to Be Scheduled for An Interview,July 16 2018,I-485,No Change
MSC1891003324,8/28/2018,Withdrawal Acknowledgement Notice Was Sent,July 16 2018,I-130,No Change
MSC1891003327,8/28/2018,Response To USCIS\' Request For Evidence Was Received,July 16 2018,I-485,No Change
MSC1891002664,8/28/2018,Response To USCIS\' Request For Evidence Was Received,July 17 2018,I-485,No Change
MSC1891002690,8/28/2018,Case is Ready to Be Scheduled for An Interview,July 17 2018,I-485,No Change
MSC1891002708,8/28/2018,Case is Ready to Be Scheduled for An Interview,July 17 2018,I-485,No Change
MSC1891002976,8/28/2018,Interview Was Scheduled,July 17 2018,I-485,No Change
MSC1891002979,8/28/2018,Interview Was Scheduled,July 17 2018,I-485,No Change
MSC1891002982,8/28/2018,Interview Was Scheduled,July 17 2018,I-485,No Change
MSC1891002985,8/28/2018,Interview Was Scheduled,July 17 2018,I-485,No Change
MSC1891003242,8/28/2018,Case is Ready to Be Scheduled for An Interview,July 17 2018,I-485,No Change
MSC1891003297,8/28/2018,Response To USCIS\' Request For Evidence Was Received,July 17 2018,I-485,No Change
MSC1891002764,8/28/2018,Response To USCIS\' Request For Evidence Was Received,July 18 2018,I-485,No Change
MSC1891002827,8/28/2018,Case is Ready to Be Scheduled for An Interview,July 18 2018,I-485,No Change
MSC1891003137,8/28/2018,Case is Ready to Be Scheduled for An Interview,July 18 2018,I-485,No Change
MSC1891002816,8/28/2018,Case Was Approved,July 19 2018,I-130,No Change
MSC1891003037,8/28/2018,Response To USCIS\' Request For Evidence Was Received,July 19 2018,I-485,No Change
MSC1891002704,8/28/2018,Case is Ready to Be Scheduled for An Interview,July 2 2018,I-485,No Change
MSC1891002710,8/28/2018,Fingerprint Review Was Completed,July 2 2018,I-765,No Change
MSC1891002799,8/28/2018,Case is Ready to Be Scheduled for An Interview,July 2 2018,I-485,No Change
MSC1891003033,8/28/2018,Case is Ready to Be Scheduled for An Interview,July 2 2018,I-485,No Change
MSC1891003045,8/28/2018,Case is Ready to Be Scheduled for An Interview,July 2 2018,I-485,No Change
MSC1891003056,8/28/2018,Case is Ready to Be Scheduled for An Interview,July 2 2018,I-485,No Change
MSC1891003070,8/28/2018,Response To USCIS\' Request For Evidence Was Received,July 2 2018,I-485,No Change
MSC1891003184,8/28/2018,Case is Ready to Be Scheduled for An Interview,July 2 2018,I-485,No Change
MSC1891003190,8/28/2018,Case is Ready to Be Scheduled for An Interview,July 2 2018,I-485,No Change
MSC1891003238,8/28/2018,Case is Ready to Be Scheduled for An Interview,July 2 2018,I-485,No Change
MSC1891003310,8/28/2018,Case is Ready to Be Scheduled for An Interview,July 2 2018,I-485,No Change
MSC1891003385,8/28/2018,Case is Ready to Be Scheduled for An Interview,July 2 2018,I-485,No Change
MSC1891003401,8/28/2018,Case is Ready to Be Scheduled for An Interview,July 2 2018,I-485,No Change
MSC1891002616,8/28/2018,Fingerprint Review Was Completed,July 20 2018,I-765,No Change
MSC1891002636,8/28/2018,Case Was Updated To Show All Fingerprints Were Taken And Case Is In Process,July 20 2018,I-765,No Change
MSC1891002638,8/28/2018,Fingerprint Review Was Completed,July 20 2018,I-765,No Change
MSC1891002651,8/28/2018,Fingerprint Review Was Completed,July 20 2018,I-765,No Change
MSC1891002669,8/28/2018,Case Was Updated To Show All Fingerprints Were Taken And Case Is In Process,July 20 2018,I-765,No Change
MSC1891002686,8/28/2018,Case Was Updated To Show All Fingerprints Were Taken And Case Is In Process,July 20 2018,I-765,No Change
MSC1891002689,8/28/2018,Fingerprint Review Was Completed,July 20 2018,I-765,No Change
MSC1891002801,8/28/2018,Fingerprint Review Was Completed,July 20 2018,I-765,No Change
MSC1891002806,8/28/2018,Fingerprint Review Was Completed,July 20 2018,I-765,No Change
MSC1891002810,8/28/2018,Fingerprint Review Was Completed,July 20 2018,I-765,No Change
MSC1891002821,8/28/2018,Fingerprint Review Was Completed,July 20 2018,I-485,No Change
MSC1891002822,8/28/2018,Fingerprint Review Was Completed,July 20 2018,I-765,No Change
MSC1891002833,8/28/2018,Fingerprint Review Was Completed,July 20 2018,I-765,No Change
MSC1891002855,8/28/2018,Fingerprint Review Was Completed,July 20 2018,I-765,No Change
MSC1891002858,8/28/2018,Fingerprint Review Was Completed,July 20 2018,I-765,No Change
MSC1891002874,8/28/2018,Fingerprint Review Was Completed,July 20 2018,I-765,No Change
MSC1891002884,8/28/2018,Fingerprint Review Was Completed,July 20 2018,I-765,No Change
MSC1891002945,8/28/2018,Fingerprint Review Was Completed,July 20 2018,I-765,No Change
MSC1891003021,8/28/2018,Fingerprint Review Was Completed,July 20 2018,I-765,No Change
MSC1891003125,8/28/2018,Fingerprint Review Was Completed,July 20 2018,I-765,No Change
MSC1891003128,8/28/2018,Case Was Updated To Show All Fingerprints Were Taken And Case Is In Process,July 20 2018,I-765,No Change
MSC1891003138,8/28/2018,Fingerprint Review Was Completed,July 20 2018,I-765,No Change
MSC1891003146,8/28/2018,Fingerprint Review Was Completed,July 20 2018,I-765,No Change
MSC1891003216,8/28/2018,Fingerprint Review Was Completed,July 20 2018,I-765,No Change
MSC1891003237,8/28/2018,Fingerprint Review Was Completed,July 20 2018,I-765,No Change
MSC1891003257,8/28/2018,Fingerprint Review Was Completed,July 20 2018,I-765,No Change
MSC1891003261,8/28/2018,Case Was Updated To Show All Fingerprints Were Taken And Case Is In Process,July 20 2018,I-765,No Change
MSC1891003281,8/28/2018,Fingerprint Review Was Completed,July 20 2018,I-765,No Change
MSC1891003287,8/28/2018,Fingerprint Review Was Completed,July 20 2018,I-765,No Change
MSC1891003320,8/28/2018,Fingerprint Review Was Completed,July 20 2018,I-765,No Change
MSC1891003326,8/28/2018,Fingerprint Review Was Completed,July 20 2018,I-765,No Change
MSC1891003339,8/28/2018,Fingerprint Review Was Completed,July 20 2018,I-765,No Change
MSC1891003342,8/28/2018,Case Was Updated To Show All Fingerprints Were Taken And Case Is In Process,July 20 2018,I-765,No Change
MSC1891003390,8/28/2018,Fingerprint Review Was Completed,July 20 2018,I-765,No Change
MSC1891003392,8/28/2018,Fingerprint Review Was Completed,July 20 2018,I-485,No Change
MSC1891003394,8/28/2018,Fingerprint Review Was Completed,July 20 2018,I-765,No Change
MSC1891003407,8/28/2018,Case is Ready to Be Scheduled for An Interview,July 23 2018,I-485,No Change
MSC1891002641,8/28/2018,Case is Ready to Be Scheduled for An Interview,July 25 2018,I-485,No Change
MSC1891002794,8/28/2018,Response To USCIS\' Request For Evidence Was Received,July 25 2018,I-485,No Change
MSC1891003362,8/28/2018,Card Was Delivered To Me By The Post Office,July 26 2018,,No Change
MSC1891003139,8/28/2018,Response To USCIS\' Request For Evidence Was Received,July 27 2018,I-485,No Change
MSC1891002782,8/28/2018,Case is Ready to Be Scheduled for An Interview,July 3 2018,I-485,No Change
MSC1891002860,8/28/2018,Case Was Approved,July 3 2018,I-131,No Change
MSC1891002863,8/28/2018,Case Was Approved,July 3 2018,I-131,No Change
MSC1891003268,8/28/2018,Case is Ready to Be Scheduled for An Interview,July 3 2018,I-485,No Change
MSC1891003315,8/28/2018,Case is Ready to Be Scheduled for An Interview,July 3 2018,I-485,No Change
MSC1891003397,8/28/2018,Case is Ready to Be Scheduled for An Interview,July 30 2018,I-485,No Change
MSC1891002626,8/28/2018,Response To USCIS\' Request For Evidence Was Received,July 31 2018,I-485,No Change
MSC1891002797,8/28/2018,Response To USCIS\' Request For Evidence Was Received,July 31 2018,I-485,No Change
MSC1891003140,8/28/2018,Case is Ready to Be Scheduled for An Interview,July 31 2018,I-485,No Change
MSC1891003304,8/28/2018,Response To USCIS\' Request For Evidence Was Received,July 5 2018,I-485,No Change
MSC1891002893,8/28/2018,Fingerprint Review Was Completed,July 6 2018,I-485,No Change
MSC1891002896,8/28/2018,Fingerprint Review Was Completed,July 6 2018,I-485,No Change
MSC1891003091,8/28/2018,Case is Ready to Be Scheduled for An Interview,July 6 2018,I-485,No Change
MSC1891003094,8/28/2018,Case is Ready to Be Scheduled for An Interview,July 6 2018,I-485,No Change
MSC1891003120,8/28/2018,Fingerprint Review Was Completed,July 7 2018,I-765,No Change
MSC1891002611,8/28/2018,Case is Ready to Be Scheduled for An Interview,July 9 2018,I-485,None
MSC1891002653,8/28/2018,Case is Ready to Be Scheduled for An Interview,July 9 2018,I-485,No Change
MSC1891002751,8/28/2018,Case is Ready to Be Scheduled for An Interview,July 9 2018,I-485,No Change
MSC1891002760,8/28/2018,Case is Ready to Be Scheduled for An Interview,July 9 2018,I-485,No Change
MSC1891002778,8/28/2018,Case is Ready to Be Scheduled for An Interview,July 9 2018,I-485,No Change
MSC1891002807,8/28/2018,Case is Ready to Be Scheduled for An Interview,July 9 2018,I-485,No Change
MSC1891002811,8/28/2018,Case is Ready to Be Scheduled for An Interview,July 9 2018,I-485,No Change
MSC1891002861,8/28/2018,Card Was Delivered To Me By The Post Office,July 9 2018,,No Change
MSC1891002864,8/28/2018,Card Was Delivered To Me By The Post Office,July 9 2018,,No Change
MSC1891002875,8/28/2018,Case is Ready to Be Scheduled for An Interview,July 9 2018,I-485,No Change
MSC1891002903,8/28/2018,Case is Ready to Be Scheduled for An Interview,July 9 2018,I-485,No Change
MSC1891002906,8/28/2018,Case is Ready to Be Scheduled for An Interview,July 9 2018,I-485,No Change
MSC1891003032,8/28/2018,Appeal Was Dismissed,July 9 2018,,No Change
MSC1891003073,8/28/2018,Case is Ready to Be Scheduled for An Interview,July 9 2018,I-485,No Change
MSC1891003208,8/28/2018,Case Was Received At My Local Office,July 9 2018,I-765,No Change
MSC1891002640,8/28/2018,Case is Ready to Be Scheduled for An Interview,June 11 2018,I-485,No Change
MSC1891003202,8/28/2018,Card Was Delivered To Me By The Post Office,June 11 2018,,No Change
MSC1891002754,8/28/2018,Case is Ready to Be Scheduled for An Interview,June 13 2018,I-485,No Change
MSC1891002635,8/28/2018,Request for Initial Evidence Was Mailed,June 14 2018,I-485,No Change
MSC1891002642,8/28/2018,Request for Initial Evidence Was Mailed,June 19 2018,I-485,No Change
MSC1891002644,8/28/2018,Request for Initial Evidence Was Mailed,June 19 2018,I-485,No Change
MSC1891002645,8/28/2018,Request for Initial Evidence Was Mailed,June 19 2018,I-485,No Change
MSC1891002747,8/28/2018,Request for Initial Evidence Was Mailed,June 19 2018,I-485,No Change
MSC1891003284,8/28/2018,Card Was Delivered To Me By The Post Office,June 19 2018,,No Change
MSC1891002786,8/28/2018,Case is Ready to Be Scheduled for An Interview,June 20 2018,I-485,No Change
MSC1891003275,8/28/2018,Request for Initial Evidence Was Mailed,June 20 2018,I-485,No Change
MSC1891003277,8/28/2018,Request for Initial Evidence Was Mailed,June 20 2018,I-485,No Change
MSC1891003129,8/28/2018,Decision Notice Mailed,June 21 2018,,No Change
MSC1891002831,8/28/2018,Request for Initial Evidence Was Mailed,June 22 2018,I-485,No Change
MSC1891003313,8/28/2018,Name Was Updated,June 22 2018,I-130,No Change
MSC1891002679,8/28/2018,Request for Initial Evidence Was Mailed,June 23 2018,I-485,No Change
MSC1891002768,8/28/2018,Request for Initial Evidence Was Mailed,June 23 2018,I-485,No Change
MSC1891002890,8/28/2018,Request for Initial Evidence Was Mailed,June 23 2018,I-485,No Change
MSC1891002959,8/28/2018,Fingerprint Review Was Completed,June 23 2018,I-765,No Change
MSC1891003022,8/28/2018,Request for Initial Evidence Was Mailed,June 23 2018,I-485,No Change
MSC1891003295,8/28/2018,Case Was Updated To Show All Fingerprints Were Taken And Case Is In Process,June 23 2018,I-765,No Change
MSC1891003340,8/28/2018,Fingerprint Review Was Completed,June 23 2018,I-765,No Change
MSC1891003388,8/28/2018,Request for Initial Evidence Was Mailed,June 23 2018,I-485,No Change
MSC1891002895,8/28/2018,Fingerprint Review Was Completed,June 24 2018,I-765,No Change
MSC1891002898,8/28/2018,Fingerprint Review Was Completed,June 24 2018,I-765,No Change
MSC1891002967,8/28/2018,Case Was Updated To Show All Fingerprints Were Taken And Case Is In Process,June 24 2018,I-765,No Change
MSC1891003321,8/28/2018,Case Was Updated To Show All Fingerprints Were Taken And Case Is In Process,June 24 2018,I-765,No Change
MSC1891002938,8/28/2018,Fingerprint Review Was Completed,June 25 2018,I-765,No Change
MSC1891002977,8/28/2018,Card Was Mailed To Me,June 25 2018,I-765,No Change
MSC1891002981,8/28/2018,Card Was Mailed To Me,June 25 2018,I-765,No Change
MSC1891002984,8/28/2018,Card Was Mailed To Me,June 25 2018,I-765,No Change
MSC1891002987,8/28/2018,Card Was Mailed To Me,June 25 2018,I-765,No Change
MSC1891003068,8/28/2018,Request for Initial Evidence Was Mailed,June 25 2018,I-485,No Change
MSC1891003151,8/28/2018,Name Was Updated,June 25 2018,,No Change
MSC1891002656,8/28/2018,Case is Ready to Be Scheduled for An Interview,June 26 2018,I-485,No Change
MSC1891002972,8/28/2018,Case Was Approved,June 26 2018,I-131,No Change
MSC1891002975,8/28/2018,Case Was Approved,June 26 2018,I-131,No Change
MSC1891003234,8/28/2018,Case is Ready to Be Scheduled for An Interview,June 26 2018,I-485,No Change
MSC1891003262,8/28/2018,Case is Ready to Be Scheduled for An Interview,June 26 2018,I-485,No Change
MSC1891003344,8/28/2018,Case is Ready to Be Scheduled for An Interview,June 26 2018,I-485,No Change
MSC1891003403,8/28/2018,Case is Ready to Be Scheduled for An Interview,June 26 2018,I-485,No Change
MSC1891002738,8/28/2018,Case is Ready to Be Scheduled for An Interview,June 28 2018,I-485,No Change
MSC1891002741,8/28/2018,Case is Ready to Be Scheduled for An Interview,June 28 2018,I-485,No Change
MSC1891002823,8/28/2018,Case is Ready to Be Scheduled for An Interview,June 28 2018,I-485,No Change
MSC1891003060,8/28/2018,Case is Ready to Be Scheduled for An Interview,June 28 2018,I-485,No Change
MSC1891002973,8/28/2018,Card Was Mailed To Me,June 29 2018,I-765,No Change
MSC1891002693,8/28/2018,Notice Was Returned To USCIS Because The Post Office Could Not Deliver It,June 4 2018,I-485,No Change
MSC1891003052,8/28/2018,Notice Was Returned To USCIS Because The Post Office Could Not Deliver It,June 4 2018,I-485,No Change
MSC1891003312,8/28/2018,Case is Ready to Be Scheduled for An Interview,June 5 2018,I-485,No Change
MSC1891003332,8/28/2018,Case is Ready to Be Scheduled for An Interview,June 5 2018,I-485,No Change
MSC1891003152,8/28/2018,Case Was Transferred And A New Office Has Jurisdiction,June 6 2018,,No Change
MSC1891003398,8/28/2018,Name Was Updated,May 15 2018,I-130,No Change
MSC1891003399,8/28/2018,Name Was Updated,May 15 2018,I-131,No Change
MSC1891003400,8/28/2018,Name Was Updated,May 15 2018,I-765,No Change
MSC1891002683,8/28/2018,Request for Initial Evidence Was Mailed,May 16 2018,I-485,No Change
MSC1891003127,8/28/2018,Name Was Updated,May 16 2018,I-765,No Change
MSC1891002627,8/28/2018,Document Was Mailed To Me,May 17 2018,,No Change
MSC1891002766,8/28/2018,Document Was Mailed To Me,May 17 2018,,No Change
MSC1891003075,8/28/2018,Document Was Mailed To Me,May 17 2018,,No Change
MSC1891003218,8/28/2018,Date of Birth Was Updated,May 17 2018,I-765,No Change
MSC1891003053,8/28/2018,Document Was Mailed To Me,May 18 2018,,No Change
MSC1891003054,8/28/2018,Document Was Mailed To Me,May 18 2018,,No Change
MSC1891003055,8/28/2018,Document Was Mailed To Me,May 18 2018,,No Change
MSC1891003109,8/28/2018,Fingerprint Review Was Completed,May 2 2018,I-765,No Change
MSC1891003136,8/28/2018,Fingerprint Review Was Completed,May 2 2018,I-765,No Change
MSC1891002671,8/28/2018,Document Was Mailed To Me,May 22 2018,,No Change
MSC1891002734,8/28/2018,Case Was Approved,May 24 2018,I-601,No Change
MSC1891002735,8/28/2018,Response To USCIS\' Request For Evidence Was Received,May 25 2018,I-485,No Change
MSC1891002668,8/28/2018,Case Was Updated To Show All Fingerprints Were Taken And Case Is In Process,May 3 2018,I-765,No Change
MSC1891002670,8/28/2018,Case Was Updated To Show All Fingerprints Were Taken And Case Is In Process,May 3 2018,I-765,No Change
MSC1891002961,8/28/2018,Case Was Updated To Show All Fingerprints Were Taken And Case Is In Process,May 3 2018,I-765,No Change
MSC1891002962,8/28/2018,Fingerprint Review Was Completed,May 3 2018,I-765,No Change
MSC1891002963,8/28/2018,Fingerprint Review Was Completed,May 3 2018,I-765,No Change
MSC1891002966,8/28/2018,Case Was Updated To Show All Fingerprints Were Taken And Case Is In Process,May 3 2018,I-765,No Change
MSC1891002968,8/28/2018,Fingerprint Review Was Completed,May 3 2018,I-765,No Change
MSC1891002970,8/28/2018,Fingerprint Review Was Completed,May 3 2018,I-765,No Change
MSC1891003009,8/28/2018,Fingerprint Review Was Completed,May 3 2018,I-765,No Change
MSC1891003103,8/28/2018,Fingerprint Review Was Completed,May 3 2018,I-765,No Change
MSC1891003104,8/28/2018,Fingerprint Review Was Completed,May 3 2018,I-765,No Change
MSC1891003105,8/28/2018,Case Was Updated To Show All Fingerprints Were Taken And Case Is In Process,May 3 2018,I-765,No Change
MSC1891003106,8/28/2018,Fingerprint Review Was Completed,May 3 2018,I-765,No Change
MSC1891003110,8/28/2018,Case Was Updated To Show All Fingerprints Were Taken And Case Is In Process,May 3 2018,I-765,No Change
MSC1891003115,8/28/2018,Case Was Updated To Show All Fingerprints Were Taken And Case Is In Process,May 3 2018,I-765,No Change
MSC1891003116,8/28/2018,Case Was Updated To Show All Fingerprints Were Taken And Case Is In Process,May 3 2018,I-765,No Change
MSC1891003117,8/28/2018,Case Was Updated To Show All Fingerprints Were Taken And Case Is In Process,May 3 2018,I-765,No Change
MSC1891003118,8/28/2018,Fingerprint Review Was Completed,May 3 2018,I-765,No Change
MSC1891003122,8/28/2018,Case Was Updated To Show All Fingerprints Were Taken And Case Is In Process,May 3 2018,I-765,No Change
MSC1891003123,8/28/2018,Case Was Updated To Show All Fingerprints Were Taken And Case Is In Process,May 3 2018,I-765,No Change
MSC1891003124,8/28/2018,Fingerprint Review Was Completed,May 3 2018,I-765,No Change
MSC1891003126,8/28/2018,Case Was Updated To Show All Fingerprints Were Taken And Case Is In Process,May 3 2018,I-765,No Change
MSC1891003130,8/28/2018,Fingerprint Review Was Completed,May 3 2018,I-765,No Change
MSC1891003131,8/28/2018,Fingerprint Review Was Completed,May 3 2018,I-765,No Change
MSC1891003132,8/28/2018,Fingerprint Review Was Completed,May 3 2018,I-765,No Change
MSC1891003133,8/28/2018,Case Was Updated To Show All Fingerprints Were Taken And Case Is In Process,May 3 2018,I-765,No Change
MSC1891003155,8/28/2018,Fingerprint Review Was Completed,May 3 2018,I-765,No Change
MSC1891003156,8/28/2018,Case Was Updated To Show All Fingerprints Were Taken And Case Is In Process,May 3 2018,I-765,No Change
MSC1891003157,8/28/2018,Case Was Updated To Show All Fingerprints Were Taken And Case Is In Process,May 3 2018,I-765,No Change
MSC1891003160,8/28/2018,Case Was Updated To Show All Fingerprints Were Taken And Case Is In Process,May 3 2018,I-765,No Change
MSC1891003165,8/28/2018,Case Was Updated To Show All Fingerprints Were Taken And Case Is In Process,May 3 2018,I-765,No Change
MSC1891003169,8/28/2018,Case Was Updated To Show All Fingerprints Were Taken And Case Is In Process,May 3 2018,I-765,No Change
MSC1891003172,8/28/2018,Fingerprint Review Was Completed,May 3 2018,I-765,No Change
MSC1891003174,8/28/2018,Fingerprint Review Was Completed,May 3 2018,I-765,No Change
MSC1891003176,8/28/2018,Case Was Updated To Show All Fingerprints Were Taken And Case Is In Process,May 3 2018,I-765,No Change
MSC1891003194,8/28/2018,Fingerprint Review Was Completed,May 3 2018,I-765,No Change
MSC1891003210,8/28/2018,Fingerprint Review Was Completed,May 3 2018,I-765,No Change
MSC1891003212,8/28/2018,Case Was Updated To Show All Fingerprints Were Taken And Case Is In Process,May 3 2018,I-765,No Change
MSC1891003221,8/28/2018,Case Was Updated To Show All Fingerprints Were Taken And Case Is In Process,May 3 2018,I-765,No Change
MSC1891003222,8/28/2018,Case Was Updated To Show All Fingerprints Were Taken And Case Is In Process,May 3 2018,I-765,No Change
MSC1891003223,8/28/2018,Case Was Updated To Show All Fingerprints Were Taken And Case Is In Process,May 3 2018,I-765,No Change
MSC1891003230,8/28/2018,Fingerprint Review Was Completed,May 3 2018,I-765,No Change
MSC1891003294,8/28/2018,Fingerprint Review Was Completed,May 3 2018,I-765,No Change
MSC1891003335,8/28/2018,Case Was Updated To Show All Fingerprints Were Taken And Case Is In Process,May 3 2018,I-765,No Change
MSC1891003343,8/28/2018,Case Was Updated To Show All Fingerprints Were Taken And Case Is In Process,May 3 2018,I-765,No Change
MSC1891003349,8/28/2018,Case Was Updated To Show All Fingerprints Were Taken And Case Is In Process,May 3 2018,I-765,No Change
MSC1891003354,8/28/2018,Case Was Updated To Show All Fingerprints Were Taken And Case Is In Process,May 3 2018,I-765,No Change
MSC1891002694,8/28/2018,Document Was Mailed To Me,May 30 2018,,No Change
MSC1891002696,8/28/2018,Document Was Mailed To Me,May 30 2018,,No Change
MSC1891003256,8/28/2018,Case is Ready to Be Scheduled for An Interview,May 30 2018,I-485,No Change
MSC1891003291,8/28/2018,Case is Ready to Be Scheduled for An Interview,May 30 2018,I-485,No Change
MSC1891003265,8/28/2018,Case is Ready to Be Scheduled for An Interview,May 31 2018,I-485,No Change
MSC1891003356,8/28/2018,Name Was Updated,May 8 2018,I-485,No Change
MSC1891003358,8/28/2018,Name Was Updated,May 8 2018,I-765,No Change
MSC1891002814,8/28/2018,,,,No Change
MSC1891002936,8/28/2018,,,,No Change
MSC1891003360,8/28/2018,Interview Was Completed And My Case Must Be Reviewed,,I-130,Case Was Received
